{"name":"Registration-Service","classpathEntries":[{"kind":"binary","path":"C:\\Program Files\\Java\\jre1.8.0_231\\lib\\resources.jar","javadocContainerUrl":"https://docs.oracle.com/javase/1/docs/api/","isSystem":true,"isOwn":false,"isTest":false,"isJavaContent":false},{"kind":"binary","path":"C:\\Program Files\\Java\\jre1.8.0_231\\lib\\rt.jar","javadocContainerUrl":"https://docs.oracle.com/javase/1/docs/api/","isSystem":true,"isOwn":false,"isTest":false,"isJavaContent":false},{"kind":"binary","path":"C:\\Program Files\\Java\\jre1.8.0_231\\lib\\jsse.jar","javadocContainerUrl":"https://docs.oracle.com/javase/1/docs/api/","isSystem":true,"isOwn":false,"isTest":false,"isJavaContent":false},{"kind":"binary","path":"C:\\Program Files\\Java\\jre1.8.0_231\\lib\\jce.jar","javadocContainerUrl":"https://docs.oracle.com/javase/1/docs/api/","isSystem":true,"isOwn":false,"isTest":false,"isJavaContent":false},{"kind":"binary","path":"C:\\Program Files\\Java\\jre1.8.0_231\\lib\\charsets.jar","javadocContainerUrl":"https://docs.oracle.com/javase/1/docs/api/","isSystem":true,"isOwn":false,"isTest":false,"isJavaContent":false},{"kind":"binary","path":"C:\\Program Files\\Java\\jre1.8.0_231\\lib\\jfr.jar","javadocContainerUrl":"https://docs.oracle.com/javase/1/docs/api/","isSystem":true,"isOwn":false,"isTest":false,"isJavaContent":false},{"kind":"binary","path":"C:\\Users\\ChiragDhussa\\.m2\\repository\\org\\springframework\\boot\\spring-boot-starter-data-jpa\\2.2.1.RELEASE\\spring-boot-starter-data-jpa-2.2.1.RELEASE.jar","sourceContainerUrl":"file:/C:/Users/ChiragDhussa/.m2/repository/org/springframework/boot/spring-boot-starter-data-jpa/2.2.1.RELEASE/spring-boot-starter-data-jpa-2.2.1.RELEASE-sources.jar","isSystem":false,"isOwn":false,"isTest":false,"isJavaContent":false},{"kind":"binary","path":"C:\\Users\\ChiragDhussa\\.m2\\repository\\org\\springframework\\boot\\spring-boot-starter-aop\\2.2.1.RELEASE\\spring-boot-starter-aop-2.2.1.RELEASE.jar","sourceContainerUrl":"file:/C:/Users/ChiragDhussa/.m2/repository/org/springframework/boot/spring-boot-starter-aop/2.2.1.RELEASE/spring-boot-starter-aop-2.2.1.RELEASE-sources.jar","isSystem":false,"isOwn":false,"isTest":false,"isJavaContent":false},{"kind":"binary","path":"C:\\Users\\ChiragDhussa\\.m2\\repository\\org\\springframework\\spring-aop\\5.2.1.RELEASE\\spring-aop-5.2.1.RELEASE.jar","sourceContainerUrl":"file:/C:/Users/ChiragDhussa/.m2/repository/org/springframework/spring-aop/5.2.1.RELEASE/spring-aop-5.2.1.RELEASE-sources.jar","javadocContainerUrl":"file:/C:/Users/ChiragDhussa/.m2/repository/org/springframework/spring-aop/5.2.1.RELEASE/spring-aop-5.2.1.RELEASE-javadoc.jar","isSystem":false,"isOwn":false,"isTest":false,"isJavaContent":false},{"kind":"binary","path":"C:\\Users\\ChiragDhussa\\.m2\\repository\\org\\aspectj\\aspectjweaver\\1.9.4\\aspectjweaver-1.9.4.jar","sourceContainerUrl":"file:/C:/Users/ChiragDhussa/.m2/repository/org/aspectj/aspectjweaver/1.9.4/aspectjweaver-1.9.4-sources.jar","javadocContainerUrl":"file:/C:/Users/ChiragDhussa/.m2/repository/org/aspectj/aspectjweaver/1.9.4/aspectjweaver-1.9.4-javadoc.jar","isSystem":false,"isOwn":false,"isTest":false,"isJavaContent":false},{"kind":"binary","path":"C:\\Users\\ChiragDhussa\\.m2\\repository\\org\\springframework\\boot\\spring-boot-starter-jdbc\\2.2.1.RELEASE\\spring-boot-starter-jdbc-2.2.1.RELEASE.jar","sourceContainerUrl":"file:/C:/Users/ChiragDhussa/.m2/repository/org/springframework/boot/spring-boot-starter-jdbc/2.2.1.RELEASE/spring-boot-starter-jdbc-2.2.1.RELEASE-sources.jar","isSystem":false,"isOwn":false,"isTest":false,"isJavaContent":false},{"kind":"binary","path":"C:\\Users\\ChiragDhussa\\.m2\\repository\\com\\zaxxer\\HikariCP\\3.4.1\\HikariCP-3.4.1.jar","sourceContainerUrl":"file:/C:/Users/ChiragDhussa/.m2/repository/com/zaxxer/HikariCP/3.4.1/HikariCP-3.4.1-sources.jar","javadocContainerUrl":"file:/C:/Users/ChiragDhussa/.m2/repository/com/zaxxer/HikariCP/3.4.1/HikariCP-3.4.1-javadoc.jar","isSystem":false,"isOwn":false,"isTest":false,"isJavaContent":false},{"kind":"binary","path":"C:\\Users\\ChiragDhussa\\.m2\\repository\\org\\springframework\\spring-jdbc\\5.2.1.RELEASE\\spring-jdbc-5.2.1.RELEASE.jar","sourceContainerUrl":"file:/C:/Users/ChiragDhussa/.m2/repository/org/springframework/spring-jdbc/5.2.1.RELEASE/spring-jdbc-5.2.1.RELEASE-sources.jar","javadocContainerUrl":"file:/C:/Users/ChiragDhussa/.m2/repository/org/springframework/spring-jdbc/5.2.1.RELEASE/spring-jdbc-5.2.1.RELEASE-javadoc.jar","isSystem":false,"isOwn":false,"isTest":false,"isJavaContent":false},{"kind":"binary","path":"C:\\Users\\ChiragDhussa\\.m2\\repository\\jakarta\\activation\\jakarta.activation-api\\1.2.1\\jakarta.activation-api-1.2.1.jar","sourceContainerUrl":"file:/C:/Users/ChiragDhussa/.m2/repository/jakarta/activation/jakarta.activation-api/1.2.1/jakarta.activation-api-1.2.1-sources.jar","javadocContainerUrl":"file:/C:/Users/ChiragDhussa/.m2/repository/jakarta/activation/jakarta.activation-api/1.2.1/jakarta.activation-api-1.2.1-javadoc.jar","isSystem":false,"isOwn":false,"isTest":false,"isJavaContent":false},{"kind":"binary","path":"C:\\Users\\ChiragDhussa\\.m2\\repository\\jakarta\\persistence\\jakarta.persistence-api\\2.2.3\\jakarta.persistence-api-2.2.3.jar","sourceContainerUrl":"file:/C:/Users/ChiragDhussa/.m2/repository/jakarta/persistence/jakarta.persistence-api/2.2.3/jakarta.persistence-api-2.2.3-sources.jar","javadocContainerUrl":"file:/C:/Users/ChiragDhussa/.m2/repository/jakarta/persistence/jakarta.persistence-api/2.2.3/jakarta.persistence-api-2.2.3-javadoc.jar","isSystem":false,"isOwn":false,"isTest":false,"isJavaContent":false},{"kind":"binary","path":"C:\\Users\\ChiragDhussa\\.m2\\repository\\jakarta\\transaction\\jakarta.transaction-api\\1.3.3\\jakarta.transaction-api-1.3.3.jar","sourceContainerUrl":"file:/C:/Users/ChiragDhussa/.m2/repository/jakarta/transaction/jakarta.transaction-api/1.3.3/jakarta.transaction-api-1.3.3-sources.jar","javadocContainerUrl":"file:/C:/Users/ChiragDhussa/.m2/repository/jakarta/transaction/jakarta.transaction-api/1.3.3/jakarta.transaction-api-1.3.3-javadoc.jar","isSystem":false,"isOwn":false,"isTest":false,"isJavaContent":false},{"kind":"binary","path":"C:\\Users\\ChiragDhussa\\.m2\\repository\\org\\hibernate\\hibernate-core\\5.4.8.Final\\hibernate-core-5.4.8.Final.jar","sourceContainerUrl":"file:/C:/Users/ChiragDhussa/.m2/repository/org/hibernate/hibernate-core/5.4.8.Final/hibernate-core-5.4.8.Final-sources.jar","javadocContainerUrl":"file:/C:/Users/ChiragDhussa/.m2/repository/org/hibernate/hibernate-core/5.4.8.Final/hibernate-core-5.4.8.Final-javadoc.jar","isSystem":false,"isOwn":false,"isTest":false,"isJavaContent":false},{"kind":"binary","path":"C:\\Users\\ChiragDhussa\\.m2\\repository\\org\\jboss\\logging\\jboss-logging\\3.4.1.Final\\jboss-logging-3.4.1.Final.jar","sourceContainerUrl":"file:/C:/Users/ChiragDhussa/.m2/repository/org/jboss/logging/jboss-logging/3.4.1.Final/jboss-logging-3.4.1.Final-sources.jar","javadocContainerUrl":"file:/C:/Users/ChiragDhussa/.m2/repository/org/jboss/logging/jboss-logging/3.4.1.Final/jboss-logging-3.4.1.Final-javadoc.jar","isSystem":false,"isOwn":false,"isTest":false,"isJavaContent":false},{"kind":"binary","path":"C:\\Users\\ChiragDhussa\\.m2\\repository\\org\\javassist\\javassist\\3.24.0-GA\\javassist-3.24.0-GA.jar","sourceContainerUrl":"file:/C:/Users/ChiragDhussa/.m2/repository/org/javassist/javassist/3.24.0-GA/javassist-3.24.0-GA-sources.jar","javadocContainerUrl":"file:/C:/Users/ChiragDhussa/.m2/repository/org/javassist/javassist/3.24.0-GA/javassist-3.24.0-GA-javadoc.jar","isSystem":false,"isOwn":false,"isTest":false,"isJavaContent":false},{"kind":"binary","path":"C:\\Users\\ChiragDhussa\\.m2\\repository\\net\\bytebuddy\\byte-buddy\\1.10.2\\byte-buddy-1.10.2.jar","sourceContainerUrl":"file:/C:/Users/ChiragDhussa/.m2/repository/net/bytebuddy/byte-buddy/1.10.2/byte-buddy-1.10.2-sources.jar","javadocContainerUrl":"file:/C:/Users/ChiragDhussa/.m2/repository/net/bytebuddy/byte-buddy/1.10.2/byte-buddy-1.10.2-javadoc.jar","isSystem":false,"isOwn":false,"isTest":false,"isJavaContent":false},{"kind":"binary","path":"C:\\Users\\ChiragDhussa\\.m2\\repository\\antlr\\antlr\\2.7.7\\antlr-2.7.7.jar","isSystem":false,"isOwn":false,"isTest":false,"isJavaContent":false},{"kind":"binary","path":"C:\\Users\\ChiragDhussa\\.m2\\repository\\org\\jboss\\jandex\\2.0.5.Final\\jandex-2.0.5.Final.jar","sourceContainerUrl":"file:/C:/Users/ChiragDhussa/.m2/repository/org/jboss/jandex/2.0.5.Final/jandex-2.0.5.Final-sources.jar","isSystem":false,"isOwn":false,"isTest":false,"isJavaContent":false},{"kind":"binary","path":"C:\\Users\\ChiragDhussa\\.m2\\repository\\com\\fasterxml\\classmate\\1.5.1\\classmate-1.5.1.jar","sourceContainerUrl":"file:/C:/Users/ChiragDhussa/.m2/repository/com/fasterxml/classmate/1.5.1/classmate-1.5.1-sources.jar","javadocContainerUrl":"file:/C:/Users/ChiragDhussa/.m2/repository/com/fasterxml/classmate/1.5.1/classmate-1.5.1-javadoc.jar","isSystem":false,"isOwn":false,"isTest":false,"isJavaContent":false},{"kind":"binary","path":"C:\\Users\\ChiragDhussa\\.m2\\repository\\org\\dom4j\\dom4j\\2.1.1\\dom4j-2.1.1.jar","sourceContainerUrl":"file:/C:/Users/ChiragDhussa/.m2/repository/org/dom4j/dom4j/2.1.1/dom4j-2.1.1-sources.jar","javadocContainerUrl":"file:/C:/Users/ChiragDhussa/.m2/repository/org/dom4j/dom4j/2.1.1/dom4j-2.1.1-javadoc.jar","isSystem":false,"isOwn":false,"isTest":false,"isJavaContent":false},{"kind":"binary","path":"C:\\Users\\ChiragDhussa\\.m2\\repository\\org\\hibernate\\common\\hibernate-commons-annotations\\5.1.0.Final\\hibernate-commons-annotations-5.1.0.Final.jar","sourceContainerUrl":"file:/C:/Users/ChiragDhussa/.m2/repository/org/hibernate/common/hibernate-commons-annotations/5.1.0.Final/hibernate-commons-annotations-5.1.0.Final-sources.jar","isSystem":false,"isOwn":false,"isTest":false,"isJavaContent":false},{"kind":"binary","path":"C:\\Users\\ChiragDhussa\\.m2\\repository\\org\\glassfish\\jaxb\\jaxb-runtime\\2.3.2\\jaxb-runtime-2.3.2.jar","sourceContainerUrl":"file:/C:/Users/ChiragDhussa/.m2/repository/org/glassfish/jaxb/jaxb-runtime/2.3.2/jaxb-runtime-2.3.2-sources.jar","javadocContainerUrl":"file:/C:/Users/ChiragDhussa/.m2/repository/org/glassfish/jaxb/jaxb-runtime/2.3.2/jaxb-runtime-2.3.2-javadoc.jar","isSystem":false,"isOwn":false,"isTest":false,"isJavaContent":false},{"kind":"binary","path":"C:\\Users\\ChiragDhussa\\.m2\\repository\\org\\glassfish\\jaxb\\txw2\\2.3.2\\txw2-2.3.2.jar","sourceContainerUrl":"file:/C:/Users/ChiragDhussa/.m2/repository/org/glassfish/jaxb/txw2/2.3.2/txw2-2.3.2-sources.jar","javadocContainerUrl":"file:/C:/Users/ChiragDhussa/.m2/repository/org/glassfish/jaxb/txw2/2.3.2/txw2-2.3.2-javadoc.jar","isSystem":false,"isOwn":false,"isTest":false,"isJavaContent":false},{"kind":"binary","path":"C:\\Users\\ChiragDhussa\\.m2\\repository\\com\\sun\\istack\\istack-commons-runtime\\3.0.8\\istack-commons-runtime-3.0.8.jar","sourceContainerUrl":"file:/C:/Users/ChiragDhussa/.m2/repository/com/sun/istack/istack-commons-runtime/3.0.8/istack-commons-runtime-3.0.8-sources.jar","javadocContainerUrl":"file:/C:/Users/ChiragDhussa/.m2/repository/com/sun/istack/istack-commons-runtime/3.0.8/istack-commons-runtime-3.0.8-javadoc.jar","isSystem":false,"isOwn":false,"isTest":false,"isJavaContent":false},{"kind":"binary","path":"C:\\Users\\ChiragDhussa\\.m2\\repository\\org\\jvnet\\staxex\\stax-ex\\1.8.1\\stax-ex-1.8.1.jar","sourceContainerUrl":"file:/C:/Users/ChiragDhussa/.m2/repository/org/jvnet/staxex/stax-ex/1.8.1/stax-ex-1.8.1-sources.jar","javadocContainerUrl":"file:/C:/Users/ChiragDhussa/.m2/repository/org/jvnet/staxex/stax-ex/1.8.1/stax-ex-1.8.1-javadoc.jar","isSystem":false,"isOwn":false,"isTest":false,"isJavaContent":false},{"kind":"binary","path":"C:\\Users\\ChiragDhussa\\.m2\\repository\\com\\sun\\xml\\fastinfoset\\FastInfoset\\1.2.16\\FastInfoset-1.2.16.jar","sourceContainerUrl":"file:/C:/Users/ChiragDhussa/.m2/repository/com/sun/xml/fastinfoset/FastInfoset/1.2.16/FastInfoset-1.2.16-sources.jar","javadocContainerUrl":"file:/C:/Users/ChiragDhussa/.m2/repository/com/sun/xml/fastinfoset/FastInfoset/1.2.16/FastInfoset-1.2.16-javadoc.jar","isSystem":false,"isOwn":false,"isTest":false,"isJavaContent":false},{"kind":"binary","path":"C:\\Users\\ChiragDhussa\\.m2\\repository\\org\\springframework\\data\\spring-data-jpa\\2.2.1.RELEASE\\spring-data-jpa-2.2.1.RELEASE.jar","sourceContainerUrl":"file:/C:/Users/ChiragDhussa/.m2/repository/org/springframework/data/spring-data-jpa/2.2.1.RELEASE/spring-data-jpa-2.2.1.RELEASE-sources.jar","javadocContainerUrl":"file:/C:/Users/ChiragDhussa/.m2/repository/org/springframework/data/spring-data-jpa/2.2.1.RELEASE/spring-data-jpa-2.2.1.RELEASE-javadoc.jar","isSystem":false,"isOwn":false,"isTest":false,"isJavaContent":false},{"kind":"binary","path":"C:\\Users\\ChiragDhussa\\.m2\\repository\\org\\springframework\\data\\spring-data-commons\\2.2.1.RELEASE\\spring-data-commons-2.2.1.RELEASE.jar","sourceContainerUrl":"file:/C:/Users/ChiragDhussa/.m2/repository/org/springframework/data/spring-data-commons/2.2.1.RELEASE/spring-data-commons-2.2.1.RELEASE-sources.jar","javadocContainerUrl":"file:/C:/Users/ChiragDhussa/.m2/repository/org/springframework/data/spring-data-commons/2.2.1.RELEASE/spring-data-commons-2.2.1.RELEASE-javadoc.jar","isSystem":false,"isOwn":false,"isTest":false,"isJavaContent":false},{"kind":"binary","path":"C:\\Users\\ChiragDhussa\\.m2\\repository\\org\\springframework\\spring-orm\\5.2.1.RELEASE\\spring-orm-5.2.1.RELEASE.jar","sourceContainerUrl":"file:/C:/Users/ChiragDhussa/.m2/repository/org/springframework/spring-orm/5.2.1.RELEASE/spring-orm-5.2.1.RELEASE-sources.jar","javadocContainerUrl":"file:/C:/Users/ChiragDhussa/.m2/repository/org/springframework/spring-orm/5.2.1.RELEASE/spring-orm-5.2.1.RELEASE-javadoc.jar","isSystem":false,"isOwn":false,"isTest":false,"isJavaContent":false},{"kind":"binary","path":"C:\\Users\\ChiragDhussa\\.m2\\repository\\org\\springframework\\spring-context\\5.2.1.RELEASE\\spring-context-5.2.1.RELEASE.jar","sourceContainerUrl":"file:/C:/Users/ChiragDhussa/.m2/repository/org/springframework/spring-context/5.2.1.RELEASE/spring-context-5.2.1.RELEASE-sources.jar","javadocContainerUrl":"file:/C:/Users/ChiragDhussa/.m2/repository/org/springframework/spring-context/5.2.1.RELEASE/spring-context-5.2.1.RELEASE-javadoc.jar","isSystem":false,"isOwn":false,"isTest":false,"isJavaContent":false},{"kind":"binary","path":"C:\\Users\\ChiragDhussa\\.m2\\repository\\org\\springframework\\spring-tx\\5.2.1.RELEASE\\spring-tx-5.2.1.RELEASE.jar","sourceContainerUrl":"file:/C:/Users/ChiragDhussa/.m2/repository/org/springframework/spring-tx/5.2.1.RELEASE/spring-tx-5.2.1.RELEASE-sources.jar","javadocContainerUrl":"file:/C:/Users/ChiragDhussa/.m2/repository/org/springframework/spring-tx/5.2.1.RELEASE/spring-tx-5.2.1.RELEASE-javadoc.jar","isSystem":false,"isOwn":false,"isTest":false,"isJavaContent":false},{"kind":"binary","path":"C:\\Users\\ChiragDhussa\\.m2\\repository\\org\\springframework\\spring-beans\\5.2.1.RELEASE\\spring-beans-5.2.1.RELEASE.jar","sourceContainerUrl":"file:/C:/Users/ChiragDhussa/.m2/repository/org/springframework/spring-beans/5.2.1.RELEASE/spring-beans-5.2.1.RELEASE-sources.jar","javadocContainerUrl":"file:/C:/Users/ChiragDhussa/.m2/repository/org/springframework/spring-beans/5.2.1.RELEASE/spring-beans-5.2.1.RELEASE-javadoc.jar","isSystem":false,"isOwn":false,"isTest":false,"isJavaContent":false},{"kind":"binary","path":"C:\\Users\\ChiragDhussa\\.m2\\repository\\org\\slf4j\\slf4j-api\\1.7.29\\slf4j-api-1.7.29.jar","sourceContainerUrl":"file:/C:/Users/ChiragDhussa/.m2/repository/org/slf4j/slf4j-api/1.7.29/slf4j-api-1.7.29-sources.jar","javadocContainerUrl":"file:/C:/Users/ChiragDhussa/.m2/repository/org/slf4j/slf4j-api/1.7.29/slf4j-api-1.7.29-javadoc.jar","isSystem":false,"isOwn":false,"isTest":false,"isJavaContent":false},{"kind":"binary","path":"C:\\Users\\ChiragDhussa\\.m2\\repository\\org\\springframework\\spring-aspects\\5.2.1.RELEASE\\spring-aspects-5.2.1.RELEASE.jar","sourceContainerUrl":"file:/C:/Users/ChiragDhussa/.m2/repository/org/springframework/spring-aspects/5.2.1.RELEASE/spring-aspects-5.2.1.RELEASE-sources.jar","javadocContainerUrl":"file:/C:/Users/ChiragDhussa/.m2/repository/org/springframework/spring-aspects/5.2.1.RELEASE/spring-aspects-5.2.1.RELEASE-javadoc.jar","isSystem":false,"isOwn":false,"isTest":false,"isJavaContent":false},{"kind":"binary","path":"C:\\Users\\ChiragDhussa\\.m2\\repository\\org\\springframework\\boot\\spring-boot-starter-web\\2.2.1.RELEASE\\spring-boot-starter-web-2.2.1.RELEASE.jar","sourceContainerUrl":"file:/C:/Users/ChiragDhussa/.m2/repository/org/springframework/boot/spring-boot-starter-web/2.2.1.RELEASE/spring-boot-starter-web-2.2.1.RELEASE-sources.jar","isSystem":false,"isOwn":false,"isTest":false,"isJavaContent":false},{"kind":"binary","path":"C:\\Users\\ChiragDhussa\\.m2\\repository\\org\\springframework\\boot\\spring-boot-starter\\2.2.1.RELEASE\\spring-boot-starter-2.2.1.RELEASE.jar","sourceContainerUrl":"file:/C:/Users/ChiragDhussa/.m2/repository/org/springframework/boot/spring-boot-starter/2.2.1.RELEASE/spring-boot-starter-2.2.1.RELEASE-sources.jar","isSystem":false,"isOwn":false,"isTest":false,"isJavaContent":false},{"kind":"binary","path":"C:\\Users\\ChiragDhussa\\.m2\\repository\\org\\springframework\\boot\\spring-boot\\2.2.1.RELEASE\\spring-boot-2.2.1.RELEASE.jar","sourceContainerUrl":"file:/C:/Users/ChiragDhussa/.m2/repository/org/springframework/boot/spring-boot/2.2.1.RELEASE/spring-boot-2.2.1.RELEASE-sources.jar","javadocContainerUrl":"file:/C:/Users/ChiragDhussa/.m2/repository/org/springframework/boot/spring-boot/2.2.1.RELEASE/spring-boot-2.2.1.RELEASE-javadoc.jar","isSystem":false,"isOwn":false,"isTest":false,"isJavaContent":false},{"kind":"binary","path":"C:\\Users\\ChiragDhussa\\.m2\\repository\\org\\springframework\\boot\\spring-boot-autoconfigure\\2.2.1.RELEASE\\spring-boot-autoconfigure-2.2.1.RELEASE.jar","sourceContainerUrl":"file:/C:/Users/ChiragDhussa/.m2/repository/org/springframework/boot/spring-boot-autoconfigure/2.2.1.RELEASE/spring-boot-autoconfigure-2.2.1.RELEASE-sources.jar","javadocContainerUrl":"file:/C:/Users/ChiragDhussa/.m2/repository/org/springframework/boot/spring-boot-autoconfigure/2.2.1.RELEASE/spring-boot-autoconfigure-2.2.1.RELEASE-javadoc.jar","isSystem":false,"isOwn":false,"isTest":false,"isJavaContent":false},{"kind":"binary","path":"C:\\Users\\ChiragDhussa\\.m2\\repository\\org\\springframework\\boot\\spring-boot-starter-logging\\2.2.1.RELEASE\\spring-boot-starter-logging-2.2.1.RELEASE.jar","sourceContainerUrl":"file:/C:/Users/ChiragDhussa/.m2/repository/org/springframework/boot/spring-boot-starter-logging/2.2.1.RELEASE/spring-boot-starter-logging-2.2.1.RELEASE-sources.jar","isSystem":false,"isOwn":false,"isTest":false,"isJavaContent":false},{"kind":"binary","path":"C:\\Users\\ChiragDhussa\\.m2\\repository\\ch\\qos\\logback\\logback-classic\\1.2.3\\logback-classic-1.2.3.jar","sourceContainerUrl":"file:/C:/Users/ChiragDhussa/.m2/repository/ch/qos/logback/logback-classic/1.2.3/logback-classic-1.2.3-sources.jar","javadocContainerUrl":"file:/C:/Users/ChiragDhussa/.m2/repository/ch/qos/logback/logback-classic/1.2.3/logback-classic-1.2.3-javadoc.jar","isSystem":false,"isOwn":false,"isTest":false,"isJavaContent":false},{"kind":"binary","path":"C:\\Users\\ChiragDhussa\\.m2\\repository\\ch\\qos\\logback\\logback-core\\1.2.3\\logback-core-1.2.3.jar","sourceContainerUrl":"file:/C:/Users/ChiragDhussa/.m2/repository/ch/qos/logback/logback-core/1.2.3/logback-core-1.2.3-sources.jar","javadocContainerUrl":"file:/C:/Users/ChiragDhussa/.m2/repository/ch/qos/logback/logback-core/1.2.3/logback-core-1.2.3-javadoc.jar","isSystem":false,"isOwn":false,"isTest":false,"isJavaContent":false},{"kind":"binary","path":"C:\\Users\\ChiragDhussa\\.m2\\repository\\org\\apache\\logging\\log4j\\log4j-to-slf4j\\2.12.1\\log4j-to-slf4j-2.12.1.jar","sourceContainerUrl":"file:/C:/Users/ChiragDhussa/.m2/repository/org/apache/logging/log4j/log4j-to-slf4j/2.12.1/log4j-to-slf4j-2.12.1-sources.jar","javadocContainerUrl":"file:/C:/Users/ChiragDhussa/.m2/repository/org/apache/logging/log4j/log4j-to-slf4j/2.12.1/log4j-to-slf4j-2.12.1-javadoc.jar","isSystem":false,"isOwn":false,"isTest":false,"isJavaContent":false},{"kind":"binary","path":"C:\\Users\\ChiragDhussa\\.m2\\repository\\org\\apache\\logging\\log4j\\log4j-api\\2.12.1\\log4j-api-2.12.1.jar","sourceContainerUrl":"file:/C:/Users/ChiragDhussa/.m2/repository/org/apache/logging/log4j/log4j-api/2.12.1/log4j-api-2.12.1-sources.jar","javadocContainerUrl":"file:/C:/Users/ChiragDhussa/.m2/repository/org/apache/logging/log4j/log4j-api/2.12.1/log4j-api-2.12.1-javadoc.jar","isSystem":false,"isOwn":false,"isTest":false,"isJavaContent":false},{"kind":"binary","path":"C:\\Users\\ChiragDhussa\\.m2\\repository\\org\\slf4j\\jul-to-slf4j\\1.7.29\\jul-to-slf4j-1.7.29.jar","sourceContainerUrl":"file:/C:/Users/ChiragDhussa/.m2/repository/org/slf4j/jul-to-slf4j/1.7.29/jul-to-slf4j-1.7.29-sources.jar","javadocContainerUrl":"file:/C:/Users/ChiragDhussa/.m2/repository/org/slf4j/jul-to-slf4j/1.7.29/jul-to-slf4j-1.7.29-javadoc.jar","isSystem":false,"isOwn":false,"isTest":false,"isJavaContent":false},{"kind":"binary","path":"C:\\Users\\ChiragDhussa\\.m2\\repository\\jakarta\\annotation\\jakarta.annotation-api\\1.3.5\\jakarta.annotation-api-1.3.5.jar","sourceContainerUrl":"file:/C:/Users/ChiragDhussa/.m2/repository/jakarta/annotation/jakarta.annotation-api/1.3.5/jakarta.annotation-api-1.3.5-sources.jar","javadocContainerUrl":"file:/C:/Users/ChiragDhussa/.m2/repository/jakarta/annotation/jakarta.annotation-api/1.3.5/jakarta.annotation-api-1.3.5-javadoc.jar","isSystem":false,"isOwn":false,"isTest":false,"isJavaContent":false},{"kind":"binary","path":"C:\\Users\\ChiragDhussa\\.m2\\repository\\org\\yaml\\snakeyaml\\1.25\\snakeyaml-1.25.jar","sourceContainerUrl":"file:/C:/Users/ChiragDhussa/.m2/repository/org/yaml/snakeyaml/1.25/snakeyaml-1.25-sources.jar","javadocContainerUrl":"file:/C:/Users/ChiragDhussa/.m2/repository/org/yaml/snakeyaml/1.25/snakeyaml-1.25-javadoc.jar","isSystem":false,"isOwn":false,"isTest":false,"isJavaContent":false},{"kind":"binary","path":"C:\\Users\\ChiragDhussa\\.m2\\repository\\org\\springframework\\boot\\spring-boot-starter-json\\2.2.1.RELEASE\\spring-boot-starter-json-2.2.1.RELEASE.jar","sourceContainerUrl":"file:/C:/Users/ChiragDhussa/.m2/repository/org/springframework/boot/spring-boot-starter-json/2.2.1.RELEASE/spring-boot-starter-json-2.2.1.RELEASE-sources.jar","isSystem":false,"isOwn":false,"isTest":false,"isJavaContent":false},{"kind":"binary","path":"C:\\Users\\ChiragDhussa\\.m2\\repository\\com\\fasterxml\\jackson\\datatype\\jackson-datatype-jdk8\\2.10.0\\jackson-datatype-jdk8-2.10.0.jar","sourceContainerUrl":"file:/C:/Users/ChiragDhussa/.m2/repository/com/fasterxml/jackson/datatype/jackson-datatype-jdk8/2.10.0/jackson-datatype-jdk8-2.10.0-sources.jar","javadocContainerUrl":"file:/C:/Users/ChiragDhussa/.m2/repository/com/fasterxml/jackson/datatype/jackson-datatype-jdk8/2.10.0/jackson-datatype-jdk8-2.10.0-javadoc.jar","isSystem":false,"isOwn":false,"isTest":false,"isJavaContent":false},{"kind":"binary","path":"C:\\Users\\ChiragDhussa\\.m2\\repository\\com\\fasterxml\\jackson\\datatype\\jackson-datatype-jsr310\\2.10.0\\jackson-datatype-jsr310-2.10.0.jar","sourceContainerUrl":"file:/C:/Users/ChiragDhussa/.m2/repository/com/fasterxml/jackson/datatype/jackson-datatype-jsr310/2.10.0/jackson-datatype-jsr310-2.10.0-sources.jar","javadocContainerUrl":"file:/C:/Users/ChiragDhussa/.m2/repository/com/fasterxml/jackson/datatype/jackson-datatype-jsr310/2.10.0/jackson-datatype-jsr310-2.10.0-javadoc.jar","isSystem":false,"isOwn":false,"isTest":false,"isJavaContent":false},{"kind":"binary","path":"C:\\Users\\ChiragDhussa\\.m2\\repository\\com\\fasterxml\\jackson\\module\\jackson-module-parameter-names\\2.10.0\\jackson-module-parameter-names-2.10.0.jar","sourceContainerUrl":"file:/C:/Users/ChiragDhussa/.m2/repository/com/fasterxml/jackson/module/jackson-module-parameter-names/2.10.0/jackson-module-parameter-names-2.10.0-sources.jar","javadocContainerUrl":"file:/C:/Users/ChiragDhussa/.m2/repository/com/fasterxml/jackson/module/jackson-module-parameter-names/2.10.0/jackson-module-parameter-names-2.10.0-javadoc.jar","isSystem":false,"isOwn":false,"isTest":false,"isJavaContent":false},{"kind":"binary","path":"C:\\Users\\ChiragDhussa\\.m2\\repository\\org\\springframework\\boot\\spring-boot-starter-tomcat\\2.2.1.RELEASE\\spring-boot-starter-tomcat-2.2.1.RELEASE.jar","sourceContainerUrl":"file:/C:/Users/ChiragDhussa/.m2/repository/org/springframework/boot/spring-boot-starter-tomcat/2.2.1.RELEASE/spring-boot-starter-tomcat-2.2.1.RELEASE-sources.jar","isSystem":false,"isOwn":false,"isTest":false,"isJavaContent":false},{"kind":"binary","path":"C:\\Users\\ChiragDhussa\\.m2\\repository\\org\\apache\\tomcat\\embed\\tomcat-embed-core\\9.0.27\\tomcat-embed-core-9.0.27.jar","sourceContainerUrl":"file:/C:/Users/ChiragDhussa/.m2/repository/org/apache/tomcat/embed/tomcat-embed-core/9.0.27/tomcat-embed-core-9.0.27-sources.jar","isSystem":false,"isOwn":false,"isTest":false,"isJavaContent":false},{"kind":"binary","path":"C:\\Users\\ChiragDhussa\\.m2\\repository\\org\\apache\\tomcat\\embed\\tomcat-embed-el\\9.0.27\\tomcat-embed-el-9.0.27.jar","sourceContainerUrl":"file:/C:/Users/ChiragDhussa/.m2/repository/org/apache/tomcat/embed/tomcat-embed-el/9.0.27/tomcat-embed-el-9.0.27-sources.jar","isSystem":false,"isOwn":false,"isTest":false,"isJavaContent":false},{"kind":"binary","path":"C:\\Users\\ChiragDhussa\\.m2\\repository\\org\\apache\\tomcat\\embed\\tomcat-embed-websocket\\9.0.27\\tomcat-embed-websocket-9.0.27.jar","sourceContainerUrl":"file:/C:/Users/ChiragDhussa/.m2/repository/org/apache/tomcat/embed/tomcat-embed-websocket/9.0.27/tomcat-embed-websocket-9.0.27-sources.jar","isSystem":false,"isOwn":false,"isTest":false,"isJavaContent":false},{"kind":"binary","path":"C:\\Users\\ChiragDhussa\\.m2\\repository\\org\\springframework\\boot\\spring-boot-starter-validation\\2.2.1.RELEASE\\spring-boot-starter-validation-2.2.1.RELEASE.jar","sourceContainerUrl":"file:/C:/Users/ChiragDhussa/.m2/repository/org/springframework/boot/spring-boot-starter-validation/2.2.1.RELEASE/spring-boot-starter-validation-2.2.1.RELEASE-sources.jar","isSystem":false,"isOwn":false,"isTest":false,"isJavaContent":false},{"kind":"binary","path":"C:\\Users\\ChiragDhussa\\.m2\\repository\\jakarta\\validation\\jakarta.validation-api\\2.0.1\\jakarta.validation-api-2.0.1.jar","sourceContainerUrl":"file:/C:/Users/ChiragDhussa/.m2/repository/jakarta/validation/jakarta.validation-api/2.0.1/jakarta.validation-api-2.0.1-sources.jar","javadocContainerUrl":"file:/C:/Users/ChiragDhussa/.m2/repository/jakarta/validation/jakarta.validation-api/2.0.1/jakarta.validation-api-2.0.1-javadoc.jar","isSystem":false,"isOwn":false,"isTest":false,"isJavaContent":false},{"kind":"binary","path":"C:\\Users\\ChiragDhussa\\.m2\\repository\\org\\hibernate\\validator\\hibernate-validator\\6.0.18.Final\\hibernate-validator-6.0.18.Final.jar","sourceContainerUrl":"file:/C:/Users/ChiragDhussa/.m2/repository/org/hibernate/validator/hibernate-validator/6.0.18.Final/hibernate-validator-6.0.18.Final-sources.jar","isSystem":false,"isOwn":false,"isTest":false,"isJavaContent":false},{"kind":"binary","path":"C:\\Users\\ChiragDhussa\\.m2\\repository\\org\\springframework\\spring-web\\5.2.1.RELEASE\\spring-web-5.2.1.RELEASE.jar","sourceContainerUrl":"file:/C:/Users/ChiragDhussa/.m2/repository/org/springframework/spring-web/5.2.1.RELEASE/spring-web-5.2.1.RELEASE-sources.jar","javadocContainerUrl":"file:/C:/Users/ChiragDhussa/.m2/repository/org/springframework/spring-web/5.2.1.RELEASE/spring-web-5.2.1.RELEASE-javadoc.jar","isSystem":false,"isOwn":false,"isTest":false,"isJavaContent":false},{"kind":"binary","path":"C:\\Users\\ChiragDhussa\\.m2\\repository\\org\\springframework\\spring-webmvc\\5.2.1.RELEASE\\spring-webmvc-5.2.1.RELEASE.jar","sourceContainerUrl":"file:/C:/Users/ChiragDhussa/.m2/repository/org/springframework/spring-webmvc/5.2.1.RELEASE/spring-webmvc-5.2.1.RELEASE-sources.jar","javadocContainerUrl":"file:/C:/Users/ChiragDhussa/.m2/repository/org/springframework/spring-webmvc/5.2.1.RELEASE/spring-webmvc-5.2.1.RELEASE-javadoc.jar","isSystem":false,"isOwn":false,"isTest":false,"isJavaContent":false},{"kind":"binary","path":"C:\\Users\\ChiragDhussa\\.m2\\repository\\org\\springframework\\spring-expression\\5.2.1.RELEASE\\spring-expression-5.2.1.RELEASE.jar","sourceContainerUrl":"file:/C:/Users/ChiragDhussa/.m2/repository/org/springframework/spring-expression/5.2.1.RELEASE/spring-expression-5.2.1.RELEASE-sources.jar","javadocContainerUrl":"file:/C:/Users/ChiragDhussa/.m2/repository/org/springframework/spring-expression/5.2.1.RELEASE/spring-expression-5.2.1.RELEASE-javadoc.jar","isSystem":false,"isOwn":false,"isTest":false,"isJavaContent":false},{"kind":"binary","path":"C:\\Users\\ChiragDhussa\\.m2\\repository\\org\\springframework\\cloud\\spring-cloud-starter-netflix-eureka-client\\2.2.0.RC1\\spring-cloud-starter-netflix-eureka-client-2.2.0.RC1.jar","javadocContainerUrl":"file:/C:/Users/ChiragDhussa/.m2/repository/org/springframework/cloud/spring-cloud-starter-netflix-eureka-client/2.2.0.RC1/spring-cloud-starter-netflix-eureka-client-2.2.0.RC1-javadoc.jar","isSystem":false,"isOwn":false,"isTest":false,"isJavaContent":false},{"kind":"binary","path":"C:\\Users\\ChiragDhussa\\.m2\\repository\\org\\springframework\\cloud\\spring-cloud-starter\\2.2.0.RC1\\spring-cloud-starter-2.2.0.RC1.jar","isSystem":false,"isOwn":false,"isTest":false,"isJavaContent":false},{"kind":"binary","path":"C:\\Users\\ChiragDhussa\\.m2\\repository\\org\\springframework\\cloud\\spring-cloud-context\\2.2.0.RC1\\spring-cloud-context-2.2.0.RC1.jar","sourceContainerUrl":"file:/C:/Users/ChiragDhussa/.m2/repository/org/springframework/cloud/spring-cloud-context/2.2.0.RC1/spring-cloud-context-2.2.0.RC1-sources.jar","javadocContainerUrl":"file:/C:/Users/ChiragDhussa/.m2/repository/org/springframework/cloud/spring-cloud-context/2.2.0.RC1/spring-cloud-context-2.2.0.RC1-javadoc.jar","isSystem":false,"isOwn":false,"isTest":false,"isJavaContent":false},{"kind":"binary","path":"C:\\Users\\ChiragDhussa\\.m2\\repository\\org\\springframework\\security\\spring-security-crypto\\5.2.1.RELEASE\\spring-security-crypto-5.2.1.RELEASE.jar","sourceContainerUrl":"file:/C:/Users/ChiragDhussa/.m2/repository/org/springframework/security/spring-security-crypto/5.2.1.RELEASE/spring-security-crypto-5.2.1.RELEASE-sources.jar","javadocContainerUrl":"file:/C:/Users/ChiragDhussa/.m2/repository/org/springframework/security/spring-security-crypto/5.2.1.RELEASE/spring-security-crypto-5.2.1.RELEASE-javadoc.jar","isSystem":false,"isOwn":false,"isTest":false,"isJavaContent":false},{"kind":"binary","path":"C:\\Users\\ChiragDhussa\\.m2\\repository\\org\\springframework\\cloud\\spring-cloud-commons\\2.2.0.RC1\\spring-cloud-commons-2.2.0.RC1.jar","sourceContainerUrl":"file:/C:/Users/ChiragDhussa/.m2/repository/org/springframework/cloud/spring-cloud-commons/2.2.0.RC1/spring-cloud-commons-2.2.0.RC1-sources.jar","javadocContainerUrl":"file:/C:/Users/ChiragDhussa/.m2/repository/org/springframework/cloud/spring-cloud-commons/2.2.0.RC1/spring-cloud-commons-2.2.0.RC1-javadoc.jar","isSystem":false,"isOwn":false,"isTest":false,"isJavaContent":false},{"kind":"binary","path":"C:\\Users\\ChiragDhussa\\.m2\\repository\\org\\springframework\\security\\spring-security-rsa\\1.0.7.RELEASE\\spring-security-rsa-1.0.7.RELEASE.jar","sourceContainerUrl":"file:/C:/Users/ChiragDhussa/.m2/repository/org/springframework/security/spring-security-rsa/1.0.7.RELEASE/spring-security-rsa-1.0.7.RELEASE-sources.jar","javadocContainerUrl":"file:/C:/Users/ChiragDhussa/.m2/repository/org/springframework/security/spring-security-rsa/1.0.7.RELEASE/spring-security-rsa-1.0.7.RELEASE-javadoc.jar","isSystem":false,"isOwn":false,"isTest":false,"isJavaContent":false},{"kind":"binary","path":"C:\\Users\\ChiragDhussa\\.m2\\repository\\org\\bouncycastle\\bcpkix-jdk15on\\1.60\\bcpkix-jdk15on-1.60.jar","sourceContainerUrl":"file:/C:/Users/ChiragDhussa/.m2/repository/org/bouncycastle/bcpkix-jdk15on/1.60/bcpkix-jdk15on-1.60-sources.jar","javadocContainerUrl":"file:/C:/Users/ChiragDhussa/.m2/repository/org/bouncycastle/bcpkix-jdk15on/1.60/bcpkix-jdk15on-1.60-javadoc.jar","isSystem":false,"isOwn":false,"isTest":false,"isJavaContent":false},{"kind":"binary","path":"C:\\Users\\ChiragDhussa\\.m2\\repository\\org\\bouncycastle\\bcprov-jdk15on\\1.60\\bcprov-jdk15on-1.60.jar","sourceContainerUrl":"file:/C:/Users/ChiragDhussa/.m2/repository/org/bouncycastle/bcprov-jdk15on/1.60/bcprov-jdk15on-1.60-sources.jar","javadocContainerUrl":"file:/C:/Users/ChiragDhussa/.m2/repository/org/bouncycastle/bcprov-jdk15on/1.60/bcprov-jdk15on-1.60-javadoc.jar","isSystem":false,"isOwn":false,"isTest":false,"isJavaContent":false},{"kind":"binary","path":"C:\\Users\\ChiragDhussa\\.m2\\repository\\org\\springframework\\cloud\\spring-cloud-netflix-hystrix\\2.2.0.RC1\\spring-cloud-netflix-hystrix-2.2.0.RC1.jar","sourceContainerUrl":"file:/C:/Users/ChiragDhussa/.m2/repository/org/springframework/cloud/spring-cloud-netflix-hystrix/2.2.0.RC1/spring-cloud-netflix-hystrix-2.2.0.RC1-sources.jar","javadocContainerUrl":"file:/C:/Users/ChiragDhussa/.m2/repository/org/springframework/cloud/spring-cloud-netflix-hystrix/2.2.0.RC1/spring-cloud-netflix-hystrix-2.2.0.RC1-javadoc.jar","isSystem":false,"isOwn":false,"isTest":false,"isJavaContent":false},{"kind":"binary","path":"C:\\Users\\ChiragDhussa\\.m2\\repository\\org\\springframework\\cloud\\spring-cloud-netflix-eureka-client\\2.2.0.RC1\\spring-cloud-netflix-eureka-client-2.2.0.RC1.jar","sourceContainerUrl":"file:/C:/Users/ChiragDhussa/.m2/repository/org/springframework/cloud/spring-cloud-netflix-eureka-client/2.2.0.RC1/spring-cloud-netflix-eureka-client-2.2.0.RC1-sources.jar","javadocContainerUrl":"file:/C:/Users/ChiragDhussa/.m2/repository/org/springframework/cloud/spring-cloud-netflix-eureka-client/2.2.0.RC1/spring-cloud-netflix-eureka-client-2.2.0.RC1-javadoc.jar","isSystem":false,"isOwn":false,"isTest":false,"isJavaContent":false},{"kind":"binary","path":"C:\\Users\\ChiragDhussa\\.m2\\repository\\com\\netflix\\eureka\\eureka-client\\1.9.13\\eureka-client-1.9.13.jar","sourceContainerUrl":"file:/C:/Users/ChiragDhussa/.m2/repository/com/netflix/eureka/eureka-client/1.9.13/eureka-client-1.9.13-sources.jar","javadocContainerUrl":"file:/C:/Users/ChiragDhussa/.m2/repository/com/netflix/eureka/eureka-client/1.9.13/eureka-client-1.9.13-javadoc.jar","isSystem":false,"isOwn":false,"isTest":false,"isJavaContent":false},{"kind":"binary","path":"C:\\Users\\ChiragDhussa\\.m2\\repository\\org\\codehaus\\jettison\\jettison\\1.3.7\\jettison-1.3.7.jar","sourceContainerUrl":"file:/C:/Users/ChiragDhussa/.m2/repository/org/codehaus/jettison/jettison/1.3.7/jettison-1.3.7-sources.jar","javadocContainerUrl":"file:/C:/Users/ChiragDhussa/.m2/repository/org/codehaus/jettison/jettison/1.3.7/jettison-1.3.7-javadoc.jar","isSystem":false,"isOwn":false,"isTest":false,"isJavaContent":false},{"kind":"binary","path":"C:\\Users\\ChiragDhussa\\.m2\\repository\\stax\\stax-api\\1.0.1\\stax-api-1.0.1.jar","isSystem":false,"isOwn":false,"isTest":false,"isJavaContent":false},{"kind":"binary","path":"C:\\Users\\ChiragDhussa\\.m2\\repository\\com\\netflix\\netflix-commons\\netflix-eventbus\\0.3.0\\netflix-eventbus-0.3.0.jar","sourceContainerUrl":"file:/C:/Users/ChiragDhussa/.m2/repository/com/netflix/netflix-commons/netflix-eventbus/0.3.0/netflix-eventbus-0.3.0-sources.jar","javadocContainerUrl":"file:/C:/Users/ChiragDhussa/.m2/repository/com/netflix/netflix-commons/netflix-eventbus/0.3.0/netflix-eventbus-0.3.0-javadoc.jar","isSystem":false,"isOwn":false,"isTest":false,"isJavaContent":false},{"kind":"binary","path":"C:\\Users\\ChiragDhussa\\.m2\\repository\\com\\netflix\\netflix-commons\\netflix-infix\\0.3.0\\netflix-infix-0.3.0.jar","sourceContainerUrl":"file:/C:/Users/ChiragDhussa/.m2/repository/com/netflix/netflix-commons/netflix-infix/0.3.0/netflix-infix-0.3.0-sources.jar","javadocContainerUrl":"file:/C:/Users/ChiragDhussa/.m2/repository/com/netflix/netflix-commons/netflix-infix/0.3.0/netflix-infix-0.3.0-javadoc.jar","isSystem":false,"isOwn":false,"isTest":false,"isJavaContent":false},{"kind":"binary","path":"C:\\Users\\ChiragDhussa\\.m2\\repository\\commons-jxpath\\commons-jxpath\\1.3\\commons-jxpath-1.3.jar","sourceContainerUrl":"file:/C:/Users/ChiragDhussa/.m2/repository/commons-jxpath/commons-jxpath/1.3/commons-jxpath-1.3-sources.jar","javadocContainerUrl":"file:/C:/Users/ChiragDhussa/.m2/repository/commons-jxpath/commons-jxpath/1.3/commons-jxpath-1.3-javadoc.jar","isSystem":false,"isOwn":false,"isTest":false,"isJavaContent":false},{"kind":"binary","path":"C:\\Users\\ChiragDhussa\\.m2\\repository\\joda-time\\joda-time\\2.10.5\\joda-time-2.10.5.jar","sourceContainerUrl":"file:/C:/Users/ChiragDhussa/.m2/repository/joda-time/joda-time/2.10.5/joda-time-2.10.5-sources.jar","javadocContainerUrl":"file:/C:/Users/ChiragDhussa/.m2/repository/joda-time/joda-time/2.10.5/joda-time-2.10.5-javadoc.jar","isSystem":false,"isOwn":false,"isTest":false,"isJavaContent":false},{"kind":"binary","path":"C:\\Users\\ChiragDhussa\\.m2\\repository\\org\\antlr\\antlr-runtime\\3.4\\antlr-runtime-3.4.jar","sourceContainerUrl":"file:/C:/Users/ChiragDhussa/.m2/repository/org/antlr/antlr-runtime/3.4/antlr-runtime-3.4-sources.jar","javadocContainerUrl":"file:/C:/Users/ChiragDhussa/.m2/repository/org/antlr/antlr-runtime/3.4/antlr-runtime-3.4-javadoc.jar","isSystem":false,"isOwn":false,"isTest":false,"isJavaContent":false},{"kind":"binary","path":"C:\\Users\\ChiragDhussa\\.m2\\repository\\org\\antlr\\stringtemplate\\3.2.1\\stringtemplate-3.2.1.jar","sourceContainerUrl":"file:/C:/Users/ChiragDhussa/.m2/repository/org/antlr/stringtemplate/3.2.1/stringtemplate-3.2.1-sources.jar","isSystem":false,"isOwn":false,"isTest":false,"isJavaContent":false},{"kind":"binary","path":"C:\\Users\\ChiragDhussa\\.m2\\repository\\com\\google\\code\\gson\\gson\\2.8.6\\gson-2.8.6.jar","sourceContainerUrl":"file:/C:/Users/ChiragDhussa/.m2/repository/com/google/code/gson/gson/2.8.6/gson-2.8.6-sources.jar","javadocContainerUrl":"file:/C:/Users/ChiragDhussa/.m2/repository/com/google/code/gson/gson/2.8.6/gson-2.8.6-javadoc.jar","isSystem":false,"isOwn":false,"isTest":false,"isJavaContent":false},{"kind":"binary","path":"C:\\Users\\ChiragDhussa\\.m2\\repository\\org\\apache\\commons\\commons-math\\2.2\\commons-math-2.2.jar","sourceContainerUrl":"file:/C:/Users/ChiragDhussa/.m2/repository/org/apache/commons/commons-math/2.2/commons-math-2.2-sources.jar","javadocContainerUrl":"file:/C:/Users/ChiragDhussa/.m2/repository/org/apache/commons/commons-math/2.2/commons-math-2.2-javadoc.jar","isSystem":false,"isOwn":false,"isTest":false,"isJavaContent":false},{"kind":"binary","path":"C:\\Users\\ChiragDhussa\\.m2\\repository\\com\\netflix\\archaius\\archaius-core\\0.7.6\\archaius-core-0.7.6.jar","sourceContainerUrl":"file:/C:/Users/ChiragDhussa/.m2/repository/com/netflix/archaius/archaius-core/0.7.6/archaius-core-0.7.6-sources.jar","javadocContainerUrl":"file:/C:/Users/ChiragDhussa/.m2/repository/com/netflix/archaius/archaius-core/0.7.6/archaius-core-0.7.6-javadoc.jar","isSystem":false,"isOwn":false,"isTest":false,"isJavaContent":false},{"kind":"binary","path":"C:\\Users\\ChiragDhussa\\.m2\\repository\\com\\google\\guava\\guava\\16.0\\guava-16.0.jar","sourceContainerUrl":"file:/C:/Users/ChiragDhussa/.m2/repository/com/google/guava/guava/16.0/guava-16.0-sources.jar","javadocContainerUrl":"file:/C:/Users/ChiragDhussa/.m2/repository/com/google/guava/guava/16.0/guava-16.0-javadoc.jar","isSystem":false,"isOwn":false,"isTest":false,"isJavaContent":false},{"kind":"binary","path":"C:\\Users\\ChiragDhussa\\.m2\\repository\\javax\\ws\\rs\\jsr311-api\\1.1.1\\jsr311-api-1.1.1.jar","sourceContainerUrl":"file:/C:/Users/ChiragDhussa/.m2/repository/javax/ws/rs/jsr311-api/1.1.1/jsr311-api-1.1.1-sources.jar","javadocContainerUrl":"file:/C:/Users/ChiragDhussa/.m2/repository/javax/ws/rs/jsr311-api/1.1.1/jsr311-api-1.1.1-javadoc.jar","isSystem":false,"isOwn":false,"isTest":false,"isJavaContent":false},{"kind":"binary","path":"C:\\Users\\ChiragDhussa\\.m2\\repository\\com\\netflix\\servo\\servo-core\\0.12.21\\servo-core-0.12.21.jar","sourceContainerUrl":"file:/C:/Users/ChiragDhussa/.m2/repository/com/netflix/servo/servo-core/0.12.21/servo-core-0.12.21-sources.jar","javadocContainerUrl":"file:/C:/Users/ChiragDhussa/.m2/repository/com/netflix/servo/servo-core/0.12.21/servo-core-0.12.21-javadoc.jar","isSystem":false,"isOwn":false,"isTest":false,"isJavaContent":false},{"kind":"binary","path":"C:\\Users\\ChiragDhussa\\.m2\\repository\\com\\sun\\jersey\\jersey-core\\1.19.1\\jersey-core-1.19.1.jar","sourceContainerUrl":"file:/C:/Users/ChiragDhussa/.m2/repository/com/sun/jersey/jersey-core/1.19.1/jersey-core-1.19.1-sources.jar","javadocContainerUrl":"file:/C:/Users/ChiragDhussa/.m2/repository/com/sun/jersey/jersey-core/1.19.1/jersey-core-1.19.1-javadoc.jar","isSystem":false,"isOwn":false,"isTest":false,"isJavaContent":false},{"kind":"binary","path":"C:\\Users\\ChiragDhussa\\.m2\\repository\\com\\sun\\jersey\\jersey-client\\1.19.1\\jersey-client-1.19.1.jar","sourceContainerUrl":"file:/C:/Users/ChiragDhussa/.m2/repository/com/sun/jersey/jersey-client/1.19.1/jersey-client-1.19.1-sources.jar","javadocContainerUrl":"file:/C:/Users/ChiragDhussa/.m2/repository/com/sun/jersey/jersey-client/1.19.1/jersey-client-1.19.1-javadoc.jar","isSystem":false,"isOwn":false,"isTest":false,"isJavaContent":false},{"kind":"binary","path":"C:\\Users\\ChiragDhussa\\.m2\\repository\\com\\sun\\jersey\\contribs\\jersey-apache-client4\\1.19.1\\jersey-apache-client4-1.19.1.jar","sourceContainerUrl":"file:/C:/Users/ChiragDhussa/.m2/repository/com/sun/jersey/contribs/jersey-apache-client4/1.19.1/jersey-apache-client4-1.19.1-sources.jar","javadocContainerUrl":"file:/C:/Users/ChiragDhussa/.m2/repository/com/sun/jersey/contribs/jersey-apache-client4/1.19.1/jersey-apache-client4-1.19.1-javadoc.jar","isSystem":false,"isOwn":false,"isTest":false,"isJavaContent":false},{"kind":"binary","path":"C:\\Users\\ChiragDhussa\\.m2\\repository\\org\\apache\\httpcomponents\\httpclient\\4.5.10\\httpclient-4.5.10.jar","sourceContainerUrl":"file:/C:/Users/ChiragDhussa/.m2/repository/org/apache/httpcomponents/httpclient/4.5.10/httpclient-4.5.10-sources.jar","javadocContainerUrl":"file:/C:/Users/ChiragDhussa/.m2/repository/org/apache/httpcomponents/httpclient/4.5.10/httpclient-4.5.10-javadoc.jar","isSystem":false,"isOwn":false,"isTest":false,"isJavaContent":false},{"kind":"binary","path":"C:\\Users\\ChiragDhussa\\.m2\\repository\\commons-codec\\commons-codec\\1.13\\commons-codec-1.13.jar","sourceContainerUrl":"file:/C:/Users/ChiragDhussa/.m2/repository/commons-codec/commons-codec/1.13/commons-codec-1.13-sources.jar","javadocContainerUrl":"file:/C:/Users/ChiragDhussa/.m2/repository/commons-codec/commons-codec/1.13/commons-codec-1.13-javadoc.jar","isSystem":false,"isOwn":false,"isTest":false,"isJavaContent":false},{"kind":"binary","path":"C:\\Users\\ChiragDhussa\\.m2\\repository\\com\\google\\inject\\guice\\4.1.0\\guice-4.1.0.jar","sourceContainerUrl":"file:/C:/Users/ChiragDhussa/.m2/repository/com/google/inject/guice/4.1.0/guice-4.1.0-sources.jar","javadocContainerUrl":"file:/C:/Users/ChiragDhussa/.m2/repository/com/google/inject/guice/4.1.0/guice-4.1.0-javadoc.jar","isSystem":false,"isOwn":false,"isTest":false,"isJavaContent":false},{"kind":"binary","path":"C:\\Users\\ChiragDhussa\\.m2\\repository\\javax\\inject\\javax.inject\\1\\javax.inject-1.jar","sourceContainerUrl":"file:/C:/Users/ChiragDhussa/.m2/repository/javax/inject/javax.inject/1/javax.inject-1-sources.jar","javadocContainerUrl":"file:/C:/Users/ChiragDhussa/.m2/repository/javax/inject/javax.inject/1/javax.inject-1-javadoc.jar","isSystem":false,"isOwn":false,"isTest":false,"isJavaContent":false},{"kind":"binary","path":"C:\\Users\\ChiragDhussa\\.m2\\repository\\aopalliance\\aopalliance\\1.0\\aopalliance-1.0.jar","sourceContainerUrl":"file:/C:/Users/ChiragDhussa/.m2/repository/aopalliance/aopalliance/1.0/aopalliance-1.0-sources.jar","isSystem":false,"isOwn":false,"isTest":false,"isJavaContent":false},{"kind":"binary","path":"C:\\Users\\ChiragDhussa\\.m2\\repository\\com\\netflix\\eureka\\eureka-core\\1.9.13\\eureka-core-1.9.13.jar","sourceContainerUrl":"file:/C:/Users/ChiragDhussa/.m2/repository/com/netflix/eureka/eureka-core/1.9.13/eureka-core-1.9.13-sources.jar","javadocContainerUrl":"file:/C:/Users/ChiragDhussa/.m2/repository/com/netflix/eureka/eureka-core/1.9.13/eureka-core-1.9.13-javadoc.jar","isSystem":false,"isOwn":false,"isTest":false,"isJavaContent":false},{"kind":"binary","path":"C:\\Users\\ChiragDhussa\\.m2\\repository\\com\\fasterxml\\woodstox\\woodstox-core\\5.2.1\\woodstox-core-5.2.1.jar","sourceContainerUrl":"file:/C:/Users/ChiragDhussa/.m2/repository/com/fasterxml/woodstox/woodstox-core/5.2.1/woodstox-core-5.2.1-sources.jar","javadocContainerUrl":"file:/C:/Users/ChiragDhussa/.m2/repository/com/fasterxml/woodstox/woodstox-core/5.2.1/woodstox-core-5.2.1-javadoc.jar","isSystem":false,"isOwn":false,"isTest":false,"isJavaContent":false},{"kind":"binary","path":"C:\\Users\\ChiragDhussa\\.m2\\repository\\org\\codehaus\\woodstox\\stax2-api\\4.2\\stax2-api-4.2.jar","sourceContainerUrl":"file:/C:/Users/ChiragDhussa/.m2/repository/org/codehaus/woodstox/stax2-api/4.2/stax2-api-4.2-sources.jar","javadocContainerUrl":"file:/C:/Users/ChiragDhussa/.m2/repository/org/codehaus/woodstox/stax2-api/4.2/stax2-api-4.2-javadoc.jar","isSystem":false,"isOwn":false,"isTest":false,"isJavaContent":false},{"kind":"binary","path":"C:\\Users\\ChiragDhussa\\.m2\\repository\\org\\springframework\\cloud\\spring-cloud-starter-netflix-archaius\\2.2.0.RC1\\spring-cloud-starter-netflix-archaius-2.2.0.RC1.jar","isSystem":false,"isOwn":false,"isTest":false,"isJavaContent":false},{"kind":"binary","path":"C:\\Users\\ChiragDhussa\\.m2\\repository\\org\\springframework\\cloud\\spring-cloud-netflix-ribbon\\2.2.0.RC1\\spring-cloud-netflix-ribbon-2.2.0.RC1.jar","sourceContainerUrl":"file:/C:/Users/ChiragDhussa/.m2/repository/org/springframework/cloud/spring-cloud-netflix-ribbon/2.2.0.RC1/spring-cloud-netflix-ribbon-2.2.0.RC1-sources.jar","javadocContainerUrl":"file:/C:/Users/ChiragDhussa/.m2/repository/org/springframework/cloud/spring-cloud-netflix-ribbon/2.2.0.RC1/spring-cloud-netflix-ribbon-2.2.0.RC1-javadoc.jar","isSystem":false,"isOwn":false,"isTest":false,"isJavaContent":false},{"kind":"binary","path":"C:\\Users\\ChiragDhussa\\.m2\\repository\\org\\springframework\\cloud\\spring-cloud-netflix-archaius\\2.2.0.RC1\\spring-cloud-netflix-archaius-2.2.0.RC1.jar","sourceContainerUrl":"file:/C:/Users/ChiragDhussa/.m2/repository/org/springframework/cloud/spring-cloud-netflix-archaius/2.2.0.RC1/spring-cloud-netflix-archaius-2.2.0.RC1-sources.jar","javadocContainerUrl":"file:/C:/Users/ChiragDhussa/.m2/repository/org/springframework/cloud/spring-cloud-netflix-archaius/2.2.0.RC1/spring-cloud-netflix-archaius-2.2.0.RC1-javadoc.jar","isSystem":false,"isOwn":false,"isTest":false,"isJavaContent":false},{"kind":"binary","path":"C:\\Users\\ChiragDhussa\\.m2\\repository\\commons-configuration\\commons-configuration\\1.8\\commons-configuration-1.8.jar","sourceContainerUrl":"file:/C:/Users/ChiragDhussa/.m2/repository/commons-configuration/commons-configuration/1.8/commons-configuration-1.8-sources.jar","javadocContainerUrl":"file:/C:/Users/ChiragDhussa/.m2/repository/commons-configuration/commons-configuration/1.8/commons-configuration-1.8-javadoc.jar","isSystem":false,"isOwn":false,"isTest":false,"isJavaContent":false},{"kind":"binary","path":"C:\\Users\\ChiragDhussa\\.m2\\repository\\commons-lang\\commons-lang\\2.6\\commons-lang-2.6.jar","sourceContainerUrl":"file:/C:/Users/ChiragDhussa/.m2/repository/commons-lang/commons-lang/2.6/commons-lang-2.6-sources.jar","javadocContainerUrl":"file:/C:/Users/ChiragDhussa/.m2/repository/commons-lang/commons-lang/2.6/commons-lang-2.6-javadoc.jar","isSystem":false,"isOwn":false,"isTest":false,"isJavaContent":false},{"kind":"binary","path":"C:\\Users\\ChiragDhussa\\.m2\\repository\\org\\springframework\\cloud\\spring-cloud-starter-netflix-ribbon\\2.2.0.RC1\\spring-cloud-starter-netflix-ribbon-2.2.0.RC1.jar","javadocContainerUrl":"file:/C:/Users/ChiragDhussa/.m2/repository/org/springframework/cloud/spring-cloud-starter-netflix-ribbon/2.2.0.RC1/spring-cloud-starter-netflix-ribbon-2.2.0.RC1-javadoc.jar","isSystem":false,"isOwn":false,"isTest":false,"isJavaContent":false},{"kind":"binary","path":"C:\\Users\\ChiragDhussa\\.m2\\repository\\com\\netflix\\ribbon\\ribbon\\2.3.0\\ribbon-2.3.0.jar","sourceContainerUrl":"file:/C:/Users/ChiragDhussa/.m2/repository/com/netflix/ribbon/ribbon/2.3.0/ribbon-2.3.0-sources.jar","javadocContainerUrl":"file:/C:/Users/ChiragDhussa/.m2/repository/com/netflix/ribbon/ribbon/2.3.0/ribbon-2.3.0-javadoc.jar","isSystem":false,"isOwn":false,"isTest":false,"isJavaContent":false},{"kind":"binary","path":"C:\\Users\\ChiragDhussa\\.m2\\repository\\com\\netflix\\ribbon\\ribbon-transport\\2.3.0\\ribbon-transport-2.3.0.jar","sourceContainerUrl":"file:/C:/Users/ChiragDhussa/.m2/repository/com/netflix/ribbon/ribbon-transport/2.3.0/ribbon-transport-2.3.0-sources.jar","javadocContainerUrl":"file:/C:/Users/ChiragDhussa/.m2/repository/com/netflix/ribbon/ribbon-transport/2.3.0/ribbon-transport-2.3.0-javadoc.jar","isSystem":false,"isOwn":false,"isTest":false,"isJavaContent":false},{"kind":"binary","path":"C:\\Users\\ChiragDhussa\\.m2\\repository\\io\\reactivex\\rxnetty-contexts\\0.4.9\\rxnetty-contexts-0.4.9.jar","sourceContainerUrl":"file:/C:/Users/ChiragDhussa/.m2/repository/io/reactivex/rxnetty-contexts/0.4.9/rxnetty-contexts-0.4.9-sources.jar","javadocContainerUrl":"file:/C:/Users/ChiragDhussa/.m2/repository/io/reactivex/rxnetty-contexts/0.4.9/rxnetty-contexts-0.4.9-javadoc.jar","isSystem":false,"isOwn":false,"isTest":false,"isJavaContent":false},{"kind":"binary","path":"C:\\Users\\ChiragDhussa\\.m2\\repository\\io\\reactivex\\rxnetty-servo\\0.4.9\\rxnetty-servo-0.4.9.jar","sourceContainerUrl":"file:/C:/Users/ChiragDhussa/.m2/repository/io/reactivex/rxnetty-servo/0.4.9/rxnetty-servo-0.4.9-sources.jar","javadocContainerUrl":"file:/C:/Users/ChiragDhussa/.m2/repository/io/reactivex/rxnetty-servo/0.4.9/rxnetty-servo-0.4.9-javadoc.jar","isSystem":false,"isOwn":false,"isTest":false,"isJavaContent":false},{"kind":"binary","path":"C:\\Users\\ChiragDhussa\\.m2\\repository\\com\\netflix\\hystrix\\hystrix-core\\1.5.18\\hystrix-core-1.5.18.jar","sourceContainerUrl":"file:/C:/Users/ChiragDhussa/.m2/repository/com/netflix/hystrix/hystrix-core/1.5.18/hystrix-core-1.5.18-sources.jar","javadocContainerUrl":"file:/C:/Users/ChiragDhussa/.m2/repository/com/netflix/hystrix/hystrix-core/1.5.18/hystrix-core-1.5.18-javadoc.jar","isSystem":false,"isOwn":false,"isTest":false,"isJavaContent":false},{"kind":"binary","path":"C:\\Users\\ChiragDhussa\\.m2\\repository\\org\\hdrhistogram\\HdrHistogram\\2.1.9\\HdrHistogram-2.1.9.jar","sourceContainerUrl":"file:/C:/Users/ChiragDhussa/.m2/repository/org/hdrhistogram/HdrHistogram/2.1.9/HdrHistogram-2.1.9-sources.jar","javadocContainerUrl":"file:/C:/Users/ChiragDhussa/.m2/repository/org/hdrhistogram/HdrHistogram/2.1.9/HdrHistogram-2.1.9-javadoc.jar","isSystem":false,"isOwn":false,"isTest":false,"isJavaContent":false},{"kind":"binary","path":"C:\\Users\\ChiragDhussa\\.m2\\repository\\io\\reactivex\\rxnetty\\0.4.9\\rxnetty-0.4.9.jar","sourceContainerUrl":"file:/C:/Users/ChiragDhussa/.m2/repository/io/reactivex/rxnetty/0.4.9/rxnetty-0.4.9-sources.jar","javadocContainerUrl":"file:/C:/Users/ChiragDhussa/.m2/repository/io/reactivex/rxnetty/0.4.9/rxnetty-0.4.9-javadoc.jar","isSystem":false,"isOwn":false,"isTest":false,"isJavaContent":false},{"kind":"binary","path":"C:\\Users\\ChiragDhussa\\.m2\\repository\\com\\netflix\\ribbon\\ribbon-core\\2.3.0\\ribbon-core-2.3.0.jar","sourceContainerUrl":"file:/C:/Users/ChiragDhussa/.m2/repository/com/netflix/ribbon/ribbon-core/2.3.0/ribbon-core-2.3.0-sources.jar","javadocContainerUrl":"file:/C:/Users/ChiragDhussa/.m2/repository/com/netflix/ribbon/ribbon-core/2.3.0/ribbon-core-2.3.0-javadoc.jar","isSystem":false,"isOwn":false,"isTest":false,"isJavaContent":false},{"kind":"binary","path":"C:\\Users\\ChiragDhussa\\.m2\\repository\\com\\netflix\\ribbon\\ribbon-httpclient\\2.3.0\\ribbon-httpclient-2.3.0.jar","sourceContainerUrl":"file:/C:/Users/ChiragDhussa/.m2/repository/com/netflix/ribbon/ribbon-httpclient/2.3.0/ribbon-httpclient-2.3.0-sources.jar","javadocContainerUrl":"file:/C:/Users/ChiragDhussa/.m2/repository/com/netflix/ribbon/ribbon-httpclient/2.3.0/ribbon-httpclient-2.3.0-javadoc.jar","isSystem":false,"isOwn":false,"isTest":false,"isJavaContent":false},{"kind":"binary","path":"C:\\Users\\ChiragDhussa\\.m2\\repository\\commons-collections\\commons-collections\\3.2.2\\commons-collections-3.2.2.jar","sourceContainerUrl":"file:/C:/Users/ChiragDhussa/.m2/repository/commons-collections/commons-collections/3.2.2/commons-collections-3.2.2-sources.jar","javadocContainerUrl":"file:/C:/Users/ChiragDhussa/.m2/repository/commons-collections/commons-collections/3.2.2/commons-collections-3.2.2-javadoc.jar","isSystem":false,"isOwn":false,"isTest":false,"isJavaContent":false},{"kind":"binary","path":"C:\\Users\\ChiragDhussa\\.m2\\repository\\com\\netflix\\netflix-commons\\netflix-commons-util\\0.3.0\\netflix-commons-util-0.3.0.jar","sourceContainerUrl":"file:/C:/Users/ChiragDhussa/.m2/repository/com/netflix/netflix-commons/netflix-commons-util/0.3.0/netflix-commons-util-0.3.0-sources.jar","javadocContainerUrl":"file:/C:/Users/ChiragDhussa/.m2/repository/com/netflix/netflix-commons/netflix-commons-util/0.3.0/netflix-commons-util-0.3.0-javadoc.jar","isSystem":false,"isOwn":false,"isTest":false,"isJavaContent":false},{"kind":"binary","path":"C:\\Users\\ChiragDhussa\\.m2\\repository\\com\\netflix\\ribbon\\ribbon-loadbalancer\\2.3.0\\ribbon-loadbalancer-2.3.0.jar","sourceContainerUrl":"file:/C:/Users/ChiragDhussa/.m2/repository/com/netflix/ribbon/ribbon-loadbalancer/2.3.0/ribbon-loadbalancer-2.3.0-sources.jar","javadocContainerUrl":"file:/C:/Users/ChiragDhussa/.m2/repository/com/netflix/ribbon/ribbon-loadbalancer/2.3.0/ribbon-loadbalancer-2.3.0-javadoc.jar","isSystem":false,"isOwn":false,"isTest":false,"isJavaContent":false},{"kind":"binary","path":"C:\\Users\\ChiragDhussa\\.m2\\repository\\com\\netflix\\netflix-commons\\netflix-statistics\\0.1.1\\netflix-statistics-0.1.1.jar","sourceContainerUrl":"file:/C:/Users/ChiragDhussa/.m2/repository/com/netflix/netflix-commons/netflix-statistics/0.1.1/netflix-statistics-0.1.1-sources.jar","javadocContainerUrl":"file:/C:/Users/ChiragDhussa/.m2/repository/com/netflix/netflix-commons/netflix-statistics/0.1.1/netflix-statistics-0.1.1-javadoc.jar","isSystem":false,"isOwn":false,"isTest":false,"isJavaContent":false},{"kind":"binary","path":"C:\\Users\\ChiragDhussa\\.m2\\repository\\io\\reactivex\\rxjava\\1.3.8\\rxjava-1.3.8.jar","sourceContainerUrl":"file:/C:/Users/ChiragDhussa/.m2/repository/io/reactivex/rxjava/1.3.8/rxjava-1.3.8-sources.jar","javadocContainerUrl":"file:/C:/Users/ChiragDhussa/.m2/repository/io/reactivex/rxjava/1.3.8/rxjava-1.3.8-javadoc.jar","isSystem":false,"isOwn":false,"isTest":false,"isJavaContent":false},{"kind":"binary","path":"C:\\Users\\ChiragDhussa\\.m2\\repository\\org\\springframework\\cloud\\spring-cloud-starter-loadbalancer\\2.2.0.RC1\\spring-cloud-starter-loadbalancer-2.2.0.RC1.jar","isSystem":false,"isOwn":false,"isTest":false,"isJavaContent":false},{"kind":"binary","path":"C:\\Users\\ChiragDhussa\\.m2\\repository\\org\\springframework\\cloud\\spring-cloud-loadbalancer\\2.2.0.RC1\\spring-cloud-loadbalancer-2.2.0.RC1.jar","sourceContainerUrl":"file:/C:/Users/ChiragDhussa/.m2/repository/org/springframework/cloud/spring-cloud-loadbalancer/2.2.0.RC1/spring-cloud-loadbalancer-2.2.0.RC1-sources.jar","javadocContainerUrl":"file:/C:/Users/ChiragDhussa/.m2/repository/org/springframework/cloud/spring-cloud-loadbalancer/2.2.0.RC1/spring-cloud-loadbalancer-2.2.0.RC1-javadoc.jar","isSystem":false,"isOwn":false,"isTest":false,"isJavaContent":false},{"kind":"binary","path":"C:\\Users\\ChiragDhussa\\.m2\\repository\\io\\projectreactor\\reactor-core\\3.3.0.RELEASE\\reactor-core-3.3.0.RELEASE.jar","sourceContainerUrl":"file:/C:/Users/ChiragDhussa/.m2/repository/io/projectreactor/reactor-core/3.3.0.RELEASE/reactor-core-3.3.0.RELEASE-sources.jar","javadocContainerUrl":"file:/C:/Users/ChiragDhussa/.m2/repository/io/projectreactor/reactor-core/3.3.0.RELEASE/reactor-core-3.3.0.RELEASE-javadoc.jar","isSystem":false,"isOwn":false,"isTest":false,"isJavaContent":false},{"kind":"binary","path":"C:\\Users\\ChiragDhussa\\.m2\\repository\\org\\reactivestreams\\reactive-streams\\1.0.3\\reactive-streams-1.0.3.jar","sourceContainerUrl":"file:/C:/Users/ChiragDhussa/.m2/repository/org/reactivestreams/reactive-streams/1.0.3/reactive-streams-1.0.3-sources.jar","javadocContainerUrl":"file:/C:/Users/ChiragDhussa/.m2/repository/org/reactivestreams/reactive-streams/1.0.3/reactive-streams-1.0.3-javadoc.jar","isSystem":false,"isOwn":false,"isTest":false,"isJavaContent":false},{"kind":"binary","path":"C:\\Users\\ChiragDhussa\\.m2\\repository\\io\\projectreactor\\addons\\reactor-extra\\3.3.0.RELEASE\\reactor-extra-3.3.0.RELEASE.jar","sourceContainerUrl":"file:/C:/Users/ChiragDhussa/.m2/repository/io/projectreactor/addons/reactor-extra/3.3.0.RELEASE/reactor-extra-3.3.0.RELEASE-sources.jar","javadocContainerUrl":"file:/C:/Users/ChiragDhussa/.m2/repository/io/projectreactor/addons/reactor-extra/3.3.0.RELEASE/reactor-extra-3.3.0.RELEASE-javadoc.jar","isSystem":false,"isOwn":false,"isTest":false,"isJavaContent":false},{"kind":"binary","path":"C:\\Users\\ChiragDhussa\\.m2\\repository\\org\\springframework\\boot\\spring-boot-starter-cache\\2.2.1.RELEASE\\spring-boot-starter-cache-2.2.1.RELEASE.jar","sourceContainerUrl":"file:/C:/Users/ChiragDhussa/.m2/repository/org/springframework/boot/spring-boot-starter-cache/2.2.1.RELEASE/spring-boot-starter-cache-2.2.1.RELEASE-sources.jar","isSystem":false,"isOwn":false,"isTest":false,"isJavaContent":false},{"kind":"binary","path":"C:\\Users\\ChiragDhussa\\.m2\\repository\\com\\netflix\\ribbon\\ribbon-eureka\\2.3.0\\ribbon-eureka-2.3.0.jar","sourceContainerUrl":"file:/C:/Users/ChiragDhussa/.m2/repository/com/netflix/ribbon/ribbon-eureka/2.3.0/ribbon-eureka-2.3.0-sources.jar","javadocContainerUrl":"file:/C:/Users/ChiragDhussa/.m2/repository/com/netflix/ribbon/ribbon-eureka/2.3.0/ribbon-eureka-2.3.0-javadoc.jar","isSystem":false,"isOwn":false,"isTest":false,"isJavaContent":false},{"kind":"binary","path":"C:\\Users\\ChiragDhussa\\.m2\\repository\\com\\thoughtworks\\xstream\\xstream\\1.4.11.1\\xstream-1.4.11.1.jar","sourceContainerUrl":"file:/C:/Users/ChiragDhussa/.m2/repository/com/thoughtworks/xstream/xstream/1.4.11.1/xstream-1.4.11.1-sources.jar","javadocContainerUrl":"file:/C:/Users/ChiragDhussa/.m2/repository/com/thoughtworks/xstream/xstream/1.4.11.1/xstream-1.4.11.1-javadoc.jar","isSystem":false,"isOwn":false,"isTest":false,"isJavaContent":false},{"kind":"binary","path":"C:\\Users\\ChiragDhussa\\.m2\\repository\\xmlpull\\xmlpull\\1.1.3.1\\xmlpull-1.1.3.1.jar","isSystem":false,"isOwn":false,"isTest":false,"isJavaContent":false},{"kind":"binary","path":"C:\\Users\\ChiragDhussa\\.m2\\repository\\xpp3\\xpp3_min\\1.1.4c\\xpp3_min-1.1.4c.jar","sourceContainerUrl":"file:/C:/Users/ChiragDhussa/.m2/repository/xpp3/xpp3_min/1.1.4c/xpp3_min-1.1.4c-sources.jar","javadocContainerUrl":"file:/C:/Users/ChiragDhussa/.m2/repository/xpp3/xpp3_min/1.1.4c/xpp3_min-1.1.4c-javadoc.jar","isSystem":false,"isOwn":false,"isTest":false,"isJavaContent":false},{"kind":"binary","path":"C:\\Users\\ChiragDhussa\\.m2\\repository\\mysql\\mysql-connector-java\\8.0.18\\mysql-connector-java-8.0.18.jar","sourceContainerUrl":"file:/C:/Users/ChiragDhussa/.m2/repository/mysql/mysql-connector-java/8.0.18/mysql-connector-java-8.0.18-sources.jar","isSystem":false,"isOwn":false,"isTest":false,"isJavaContent":false},{"kind":"binary","path":"C:\\Users\\ChiragDhussa\\.m2\\repository\\org\\springframework\\boot\\spring-boot-starter-mail\\2.2.1.RELEASE\\spring-boot-starter-mail-2.2.1.RELEASE.jar","sourceContainerUrl":"file:/C:/Users/ChiragDhussa/.m2/repository/org/springframework/boot/spring-boot-starter-mail/2.2.1.RELEASE/spring-boot-starter-mail-2.2.1.RELEASE-sources.jar","isSystem":false,"isOwn":false,"isTest":false,"isJavaContent":false},{"kind":"binary","path":"C:\\Users\\ChiragDhussa\\.m2\\repository\\org\\springframework\\spring-context-support\\5.2.1.RELEASE\\spring-context-support-5.2.1.RELEASE.jar","sourceContainerUrl":"file:/C:/Users/ChiragDhussa/.m2/repository/org/springframework/spring-context-support/5.2.1.RELEASE/spring-context-support-5.2.1.RELEASE-sources.jar","javadocContainerUrl":"file:/C:/Users/ChiragDhussa/.m2/repository/org/springframework/spring-context-support/5.2.1.RELEASE/spring-context-support-5.2.1.RELEASE-javadoc.jar","isSystem":false,"isOwn":false,"isTest":false,"isJavaContent":false},{"kind":"binary","path":"C:\\Users\\ChiragDhussa\\.m2\\repository\\com\\sun\\mail\\jakarta.mail\\1.6.4\\jakarta.mail-1.6.4.jar","sourceContainerUrl":"file:/C:/Users/ChiragDhussa/.m2/repository/com/sun/mail/jakarta.mail/1.6.4/jakarta.mail-1.6.4-sources.jar","javadocContainerUrl":"file:/C:/Users/ChiragDhussa/.m2/repository/com/sun/mail/jakarta.mail/1.6.4/jakarta.mail-1.6.4-javadoc.jar","isSystem":false,"isOwn":false,"isTest":false,"isJavaContent":false},{"kind":"binary","path":"C:\\Users\\ChiragDhussa\\.m2\\repository\\com\\sun\\activation\\jakarta.activation\\1.2.1\\jakarta.activation-1.2.1.jar","sourceContainerUrl":"file:/C:/Users/ChiragDhussa/.m2/repository/com/sun/activation/jakarta.activation/1.2.1/jakarta.activation-1.2.1-sources.jar","javadocContainerUrl":"file:/C:/Users/ChiragDhussa/.m2/repository/com/sun/activation/jakarta.activation/1.2.1/jakarta.activation-1.2.1-javadoc.jar","isSystem":false,"isOwn":false,"isTest":false,"isJavaContent":false},{"kind":"binary","path":"C:\\Users\\ChiragDhussa\\.m2\\repository\\com\\sendgrid\\sendgrid-java\\4.3.0\\sendgrid-java-4.3.0.jar","sourceContainerUrl":"file:/C:/Users/ChiragDhussa/.m2/repository/com/sendgrid/sendgrid-java/4.3.0/sendgrid-java-4.3.0-sources.jar","javadocContainerUrl":"file:/C:/Users/ChiragDhussa/.m2/repository/com/sendgrid/sendgrid-java/4.3.0/sendgrid-java-4.3.0-javadoc.jar","isSystem":false,"isOwn":false,"isTest":false,"isJavaContent":false},{"kind":"binary","path":"C:\\Users\\ChiragDhussa\\.m2\\repository\\com\\sendgrid\\java-http-client\\4.1.0\\java-http-client-4.1.0.jar","sourceContainerUrl":"file:/C:/Users/ChiragDhussa/.m2/repository/com/sendgrid/java-http-client/4.1.0/java-http-client-4.1.0-sources.jar","javadocContainerUrl":"file:/C:/Users/ChiragDhussa/.m2/repository/com/sendgrid/java-http-client/4.1.0/java-http-client-4.1.0-javadoc.jar","isSystem":false,"isOwn":false,"isTest":false,"isJavaContent":false},{"kind":"binary","path":"C:\\Users\\ChiragDhussa\\.m2\\repository\\org\\apache\\httpcomponents\\httpcore\\4.4.12\\httpcore-4.4.12.jar","sourceContainerUrl":"file:/C:/Users/ChiragDhussa/.m2/repository/org/apache/httpcomponents/httpcore/4.4.12/httpcore-4.4.12-sources.jar","javadocContainerUrl":"file:/C:/Users/ChiragDhussa/.m2/repository/org/apache/httpcomponents/httpcore/4.4.12/httpcore-4.4.12-javadoc.jar","isSystem":false,"isOwn":false,"isTest":false,"isJavaContent":false},{"kind":"binary","path":"C:\\Users\\ChiragDhussa\\.m2\\repository\\com\\fasterxml\\jackson\\core\\jackson-databind\\2.10.0\\jackson-databind-2.10.0.jar","sourceContainerUrl":"file:/C:/Users/ChiragDhussa/.m2/repository/com/fasterxml/jackson/core/jackson-databind/2.10.0/jackson-databind-2.10.0-sources.jar","javadocContainerUrl":"file:/C:/Users/ChiragDhussa/.m2/repository/com/fasterxml/jackson/core/jackson-databind/2.10.0/jackson-databind-2.10.0-javadoc.jar","isSystem":false,"isOwn":false,"isTest":false,"isJavaContent":false},{"kind":"binary","path":"C:\\Users\\ChiragDhussa\\.m2\\repository\\com\\fasterxml\\jackson\\core\\jackson-annotations\\2.10.0\\jackson-annotations-2.10.0.jar","sourceContainerUrl":"file:/C:/Users/ChiragDhussa/.m2/repository/com/fasterxml/jackson/core/jackson-annotations/2.10.0/jackson-annotations-2.10.0-sources.jar","javadocContainerUrl":"file:/C:/Users/ChiragDhussa/.m2/repository/com/fasterxml/jackson/core/jackson-annotations/2.10.0/jackson-annotations-2.10.0-javadoc.jar","isSystem":false,"isOwn":false,"isTest":false,"isJavaContent":false},{"kind":"binary","path":"C:\\Users\\ChiragDhussa\\.m2\\repository\\com\\fasterxml\\jackson\\core\\jackson-core\\2.10.0\\jackson-core-2.10.0.jar","sourceContainerUrl":"file:/C:/Users/ChiragDhussa/.m2/repository/com/fasterxml/jackson/core/jackson-core/2.10.0/jackson-core-2.10.0-sources.jar","javadocContainerUrl":"file:/C:/Users/ChiragDhussa/.m2/repository/com/fasterxml/jackson/core/jackson-core/2.10.0/jackson-core-2.10.0-javadoc.jar","isSystem":false,"isOwn":false,"isTest":false,"isJavaContent":false},{"kind":"binary","path":"C:\\Users\\ChiragDhussa\\.m2\\repository\\org\\springframework\\boot\\spring-boot-starter-test\\2.2.1.RELEASE\\spring-boot-starter-test-2.2.1.RELEASE.jar","sourceContainerUrl":"file:/C:/Users/ChiragDhussa/.m2/repository/org/springframework/boot/spring-boot-starter-test/2.2.1.RELEASE/spring-boot-starter-test-2.2.1.RELEASE-sources.jar","isSystem":false,"isOwn":false,"isTest":false,"isJavaContent":false},{"kind":"binary","path":"C:\\Users\\ChiragDhussa\\.m2\\repository\\org\\springframework\\boot\\spring-boot-test\\2.2.1.RELEASE\\spring-boot-test-2.2.1.RELEASE.jar","sourceContainerUrl":"file:/C:/Users/ChiragDhussa/.m2/repository/org/springframework/boot/spring-boot-test/2.2.1.RELEASE/spring-boot-test-2.2.1.RELEASE-sources.jar","javadocContainerUrl":"file:/C:/Users/ChiragDhussa/.m2/repository/org/springframework/boot/spring-boot-test/2.2.1.RELEASE/spring-boot-test-2.2.1.RELEASE-javadoc.jar","isSystem":false,"isOwn":false,"isTest":false,"isJavaContent":false},{"kind":"binary","path":"C:\\Users\\ChiragDhussa\\.m2\\repository\\org\\springframework\\boot\\spring-boot-test-autoconfigure\\2.2.1.RELEASE\\spring-boot-test-autoconfigure-2.2.1.RELEASE.jar","sourceContainerUrl":"file:/C:/Users/ChiragDhussa/.m2/repository/org/springframework/boot/spring-boot-test-autoconfigure/2.2.1.RELEASE/spring-boot-test-autoconfigure-2.2.1.RELEASE-sources.jar","javadocContainerUrl":"file:/C:/Users/ChiragDhussa/.m2/repository/org/springframework/boot/spring-boot-test-autoconfigure/2.2.1.RELEASE/spring-boot-test-autoconfigure-2.2.1.RELEASE-javadoc.jar","isSystem":false,"isOwn":false,"isTest":false,"isJavaContent":false},{"kind":"binary","path":"C:\\Users\\ChiragDhussa\\.m2\\repository\\com\\jayway\\jsonpath\\json-path\\2.4.0\\json-path-2.4.0.jar","sourceContainerUrl":"file:/C:/Users/ChiragDhussa/.m2/repository/com/jayway/jsonpath/json-path/2.4.0/json-path-2.4.0-sources.jar","javadocContainerUrl":"file:/C:/Users/ChiragDhussa/.m2/repository/com/jayway/jsonpath/json-path/2.4.0/json-path-2.4.0-javadoc.jar","isSystem":false,"isOwn":false,"isTest":false,"isJavaContent":false},{"kind":"binary","path":"C:\\Users\\ChiragDhussa\\.m2\\repository\\net\\minidev\\json-smart\\2.3\\json-smart-2.3.jar","sourceContainerUrl":"file:/C:/Users/ChiragDhussa/.m2/repository/net/minidev/json-smart/2.3/json-smart-2.3-sources.jar","javadocContainerUrl":"file:/C:/Users/ChiragDhussa/.m2/repository/net/minidev/json-smart/2.3/json-smart-2.3-javadoc.jar","isSystem":false,"isOwn":false,"isTest":false,"isJavaContent":false},{"kind":"binary","path":"C:\\Users\\ChiragDhussa\\.m2\\repository\\net\\minidev\\accessors-smart\\1.2\\accessors-smart-1.2.jar","sourceContainerUrl":"file:/C:/Users/ChiragDhussa/.m2/repository/net/minidev/accessors-smart/1.2/accessors-smart-1.2-sources.jar","javadocContainerUrl":"file:/C:/Users/ChiragDhussa/.m2/repository/net/minidev/accessors-smart/1.2/accessors-smart-1.2-javadoc.jar","isSystem":false,"isOwn":false,"isTest":false,"isJavaContent":false},{"kind":"binary","path":"C:\\Users\\ChiragDhussa\\.m2\\repository\\org\\ow2\\asm\\asm\\5.0.4\\asm-5.0.4.jar","sourceContainerUrl":"file:/C:/Users/ChiragDhussa/.m2/repository/org/ow2/asm/asm/5.0.4/asm-5.0.4-sources.jar","javadocContainerUrl":"file:/C:/Users/ChiragDhussa/.m2/repository/org/ow2/asm/asm/5.0.4/asm-5.0.4-javadoc.jar","isSystem":false,"isOwn":false,"isTest":false,"isJavaContent":false},{"kind":"binary","path":"C:\\Users\\ChiragDhussa\\.m2\\repository\\jakarta\\xml\\bind\\jakarta.xml.bind-api\\2.3.2\\jakarta.xml.bind-api-2.3.2.jar","sourceContainerUrl":"file:/C:/Users/ChiragDhussa/.m2/repository/jakarta/xml/bind/jakarta.xml.bind-api/2.3.2/jakarta.xml.bind-api-2.3.2-sources.jar","javadocContainerUrl":"file:/C:/Users/ChiragDhussa/.m2/repository/jakarta/xml/bind/jakarta.xml.bind-api/2.3.2/jakarta.xml.bind-api-2.3.2-javadoc.jar","isSystem":false,"isOwn":false,"isTest":false,"isJavaContent":false},{"kind":"binary","path":"C:\\Users\\ChiragDhussa\\.m2\\repository\\org\\junit\\jupiter\\junit-jupiter\\5.5.2\\junit-jupiter-5.5.2.jar","sourceContainerUrl":"file:/C:/Users/ChiragDhussa/.m2/repository/org/junit/jupiter/junit-jupiter/5.5.2/junit-jupiter-5.5.2-sources.jar","javadocContainerUrl":"file:/C:/Users/ChiragDhussa/.m2/repository/org/junit/jupiter/junit-jupiter/5.5.2/junit-jupiter-5.5.2-javadoc.jar","isSystem":false,"isOwn":false,"isTest":false,"isJavaContent":false},{"kind":"binary","path":"C:\\Users\\ChiragDhussa\\.m2\\repository\\org\\junit\\jupiter\\junit-jupiter-api\\5.5.2\\junit-jupiter-api-5.5.2.jar","sourceContainerUrl":"file:/C:/Users/ChiragDhussa/.m2/repository/org/junit/jupiter/junit-jupiter-api/5.5.2/junit-jupiter-api-5.5.2-sources.jar","javadocContainerUrl":"file:/C:/Users/ChiragDhussa/.m2/repository/org/junit/jupiter/junit-jupiter-api/5.5.2/junit-jupiter-api-5.5.2-javadoc.jar","isSystem":false,"isOwn":false,"isTest":false,"isJavaContent":false},{"kind":"binary","path":"C:\\Users\\ChiragDhussa\\.m2\\repository\\org\\apiguardian\\apiguardian-api\\1.1.0\\apiguardian-api-1.1.0.jar","sourceContainerUrl":"file:/C:/Users/ChiragDhussa/.m2/repository/org/apiguardian/apiguardian-api/1.1.0/apiguardian-api-1.1.0-sources.jar","javadocContainerUrl":"file:/C:/Users/ChiragDhussa/.m2/repository/org/apiguardian/apiguardian-api/1.1.0/apiguardian-api-1.1.0-javadoc.jar","isSystem":false,"isOwn":false,"isTest":false,"isJavaContent":false},{"kind":"binary","path":"C:\\Users\\ChiragDhussa\\.m2\\repository\\org\\opentest4j\\opentest4j\\1.2.0\\opentest4j-1.2.0.jar","sourceContainerUrl":"file:/C:/Users/ChiragDhussa/.m2/repository/org/opentest4j/opentest4j/1.2.0/opentest4j-1.2.0-sources.jar","javadocContainerUrl":"file:/C:/Users/ChiragDhussa/.m2/repository/org/opentest4j/opentest4j/1.2.0/opentest4j-1.2.0-javadoc.jar","isSystem":false,"isOwn":false,"isTest":false,"isJavaContent":false},{"kind":"binary","path":"C:\\Users\\ChiragDhussa\\.m2\\repository\\org\\junit\\platform\\junit-platform-commons\\1.5.2\\junit-platform-commons-1.5.2.jar","sourceContainerUrl":"file:/C:/Users/ChiragDhussa/.m2/repository/org/junit/platform/junit-platform-commons/1.5.2/junit-platform-commons-1.5.2-sources.jar","javadocContainerUrl":"file:/C:/Users/ChiragDhussa/.m2/repository/org/junit/platform/junit-platform-commons/1.5.2/junit-platform-commons-1.5.2-javadoc.jar","isSystem":false,"isOwn":false,"isTest":false,"isJavaContent":false},{"kind":"binary","path":"C:\\Users\\ChiragDhussa\\.m2\\repository\\org\\junit\\jupiter\\junit-jupiter-params\\5.5.2\\junit-jupiter-params-5.5.2.jar","sourceContainerUrl":"file:/C:/Users/ChiragDhussa/.m2/repository/org/junit/jupiter/junit-jupiter-params/5.5.2/junit-jupiter-params-5.5.2-sources.jar","javadocContainerUrl":"file:/C:/Users/ChiragDhussa/.m2/repository/org/junit/jupiter/junit-jupiter-params/5.5.2/junit-jupiter-params-5.5.2-javadoc.jar","isSystem":false,"isOwn":false,"isTest":false,"isJavaContent":false},{"kind":"binary","path":"C:\\Users\\ChiragDhussa\\.m2\\repository\\org\\junit\\jupiter\\junit-jupiter-engine\\5.5.2\\junit-jupiter-engine-5.5.2.jar","sourceContainerUrl":"file:/C:/Users/ChiragDhussa/.m2/repository/org/junit/jupiter/junit-jupiter-engine/5.5.2/junit-jupiter-engine-5.5.2-sources.jar","javadocContainerUrl":"file:/C:/Users/ChiragDhussa/.m2/repository/org/junit/jupiter/junit-jupiter-engine/5.5.2/junit-jupiter-engine-5.5.2-javadoc.jar","isSystem":false,"isOwn":false,"isTest":false,"isJavaContent":false},{"kind":"binary","path":"C:\\Users\\ChiragDhussa\\.m2\\repository\\org\\junit\\platform\\junit-platform-engine\\1.5.2\\junit-platform-engine-1.5.2.jar","sourceContainerUrl":"file:/C:/Users/ChiragDhussa/.m2/repository/org/junit/platform/junit-platform-engine/1.5.2/junit-platform-engine-1.5.2-sources.jar","javadocContainerUrl":"file:/C:/Users/ChiragDhussa/.m2/repository/org/junit/platform/junit-platform-engine/1.5.2/junit-platform-engine-1.5.2-javadoc.jar","isSystem":false,"isOwn":false,"isTest":false,"isJavaContent":false},{"kind":"binary","path":"C:\\Users\\ChiragDhussa\\.m2\\repository\\org\\mockito\\mockito-junit-jupiter\\3.1.0\\mockito-junit-jupiter-3.1.0.jar","sourceContainerUrl":"file:/C:/Users/ChiragDhussa/.m2/repository/org/mockito/mockito-junit-jupiter/3.1.0/mockito-junit-jupiter-3.1.0-sources.jar","javadocContainerUrl":"file:/C:/Users/ChiragDhussa/.m2/repository/org/mockito/mockito-junit-jupiter/3.1.0/mockito-junit-jupiter-3.1.0-javadoc.jar","isSystem":false,"isOwn":false,"isTest":false,"isJavaContent":false},{"kind":"binary","path":"C:\\Users\\ChiragDhussa\\.m2\\repository\\org\\assertj\\assertj-core\\3.13.2\\assertj-core-3.13.2.jar","sourceContainerUrl":"file:/C:/Users/ChiragDhussa/.m2/repository/org/assertj/assertj-core/3.13.2/assertj-core-3.13.2-sources.jar","javadocContainerUrl":"file:/C:/Users/ChiragDhussa/.m2/repository/org/assertj/assertj-core/3.13.2/assertj-core-3.13.2-javadoc.jar","isSystem":false,"isOwn":false,"isTest":false,"isJavaContent":false},{"kind":"binary","path":"C:\\Users\\ChiragDhussa\\.m2\\repository\\org\\hamcrest\\hamcrest\\2.1\\hamcrest-2.1.jar","sourceContainerUrl":"file:/C:/Users/ChiragDhussa/.m2/repository/org/hamcrest/hamcrest/2.1/hamcrest-2.1-sources.jar","javadocContainerUrl":"file:/C:/Users/ChiragDhussa/.m2/repository/org/hamcrest/hamcrest/2.1/hamcrest-2.1-javadoc.jar","isSystem":false,"isOwn":false,"isTest":false,"isJavaContent":false},{"kind":"binary","path":"C:\\Users\\ChiragDhussa\\.m2\\repository\\org\\mockito\\mockito-core\\3.1.0\\mockito-core-3.1.0.jar","sourceContainerUrl":"file:/C:/Users/ChiragDhussa/.m2/repository/org/mockito/mockito-core/3.1.0/mockito-core-3.1.0-sources.jar","javadocContainerUrl":"file:/C:/Users/ChiragDhussa/.m2/repository/org/mockito/mockito-core/3.1.0/mockito-core-3.1.0-javadoc.jar","isSystem":false,"isOwn":false,"isTest":false,"isJavaContent":false},{"kind":"binary","path":"C:\\Users\\ChiragDhussa\\.m2\\repository\\net\\bytebuddy\\byte-buddy-agent\\1.10.2\\byte-buddy-agent-1.10.2.jar","sourceContainerUrl":"file:/C:/Users/ChiragDhussa/.m2/repository/net/bytebuddy/byte-buddy-agent/1.10.2/byte-buddy-agent-1.10.2-sources.jar","javadocContainerUrl":"file:/C:/Users/ChiragDhussa/.m2/repository/net/bytebuddy/byte-buddy-agent/1.10.2/byte-buddy-agent-1.10.2-javadoc.jar","isSystem":false,"isOwn":false,"isTest":false,"isJavaContent":false},{"kind":"binary","path":"C:\\Users\\ChiragDhussa\\.m2\\repository\\org\\objenesis\\objenesis\\2.6\\objenesis-2.6.jar","sourceContainerUrl":"file:/C:/Users/ChiragDhussa/.m2/repository/org/objenesis/objenesis/2.6/objenesis-2.6-sources.jar","javadocContainerUrl":"file:/C:/Users/ChiragDhussa/.m2/repository/org/objenesis/objenesis/2.6/objenesis-2.6-javadoc.jar","isSystem":false,"isOwn":false,"isTest":false,"isJavaContent":false},{"kind":"binary","path":"C:\\Users\\ChiragDhussa\\.m2\\repository\\org\\skyscreamer\\jsonassert\\1.5.0\\jsonassert-1.5.0.jar","sourceContainerUrl":"file:/C:/Users/ChiragDhussa/.m2/repository/org/skyscreamer/jsonassert/1.5.0/jsonassert-1.5.0-sources.jar","javadocContainerUrl":"file:/C:/Users/ChiragDhussa/.m2/repository/org/skyscreamer/jsonassert/1.5.0/jsonassert-1.5.0-javadoc.jar","isSystem":false,"isOwn":false,"isTest":false,"isJavaContent":false},{"kind":"binary","path":"C:\\Users\\ChiragDhussa\\.m2\\repository\\com\\vaadin\\external\\google\\android-json\\0.0.20131108.vaadin1\\android-json-0.0.20131108.vaadin1.jar","sourceContainerUrl":"file:/C:/Users/ChiragDhussa/.m2/repository/com/vaadin/external/google/android-json/0.0.20131108.vaadin1/android-json-0.0.20131108.vaadin1-sources.jar","javadocContainerUrl":"file:/C:/Users/ChiragDhussa/.m2/repository/com/vaadin/external/google/android-json/0.0.20131108.vaadin1/android-json-0.0.20131108.vaadin1-javadoc.jar","isSystem":false,"isOwn":false,"isTest":false,"isJavaContent":false},{"kind":"binary","path":"C:\\Users\\ChiragDhussa\\.m2\\repository\\org\\springframework\\spring-core\\5.2.1.RELEASE\\spring-core-5.2.1.RELEASE.jar","sourceContainerUrl":"file:/C:/Users/ChiragDhussa/.m2/repository/org/springframework/spring-core/5.2.1.RELEASE/spring-core-5.2.1.RELEASE-sources.jar","javadocContainerUrl":"file:/C:/Users/ChiragDhussa/.m2/repository/org/springframework/spring-core/5.2.1.RELEASE/spring-core-5.2.1.RELEASE-javadoc.jar","isSystem":false,"isOwn":false,"isTest":false,"isJavaContent":false},{"kind":"binary","path":"C:\\Users\\ChiragDhussa\\.m2\\repository\\org\\springframework\\spring-jcl\\5.2.1.RELEASE\\spring-jcl-5.2.1.RELEASE.jar","sourceContainerUrl":"file:/C:/Users/ChiragDhussa/.m2/repository/org/springframework/spring-jcl/5.2.1.RELEASE/spring-jcl-5.2.1.RELEASE-sources.jar","javadocContainerUrl":"file:/C:/Users/ChiragDhussa/.m2/repository/org/springframework/spring-jcl/5.2.1.RELEASE/spring-jcl-5.2.1.RELEASE-javadoc.jar","isSystem":false,"isOwn":false,"isTest":false,"isJavaContent":false},{"kind":"binary","path":"C:\\Users\\ChiragDhussa\\.m2\\repository\\org\\springframework\\spring-test\\5.2.1.RELEASE\\spring-test-5.2.1.RELEASE.jar","sourceContainerUrl":"file:/C:/Users/ChiragDhussa/.m2/repository/org/springframework/spring-test/5.2.1.RELEASE/spring-test-5.2.1.RELEASE-sources.jar","javadocContainerUrl":"file:/C:/Users/ChiragDhussa/.m2/repository/org/springframework/spring-test/5.2.1.RELEASE/spring-test-5.2.1.RELEASE-javadoc.jar","isSystem":false,"isOwn":false,"isTest":false,"isJavaContent":false},{"kind":"binary","path":"C:\\Users\\ChiragDhussa\\.m2\\repository\\org\\xmlunit\\xmlunit-core\\2.6.3\\xmlunit-core-2.6.3.jar","sourceContainerUrl":"file:/C:/Users/ChiragDhussa/.m2/repository/org/xmlunit/xmlunit-core/2.6.3/xmlunit-core-2.6.3-sources.jar","javadocContainerUrl":"file:/C:/Users/ChiragDhussa/.m2/repository/org/xmlunit/xmlunit-core/2.6.3/xmlunit-core-2.6.3-javadoc.jar","isSystem":false,"isOwn":false,"isTest":false,"isJavaContent":false},{"kind":"source","path":"C:\\Users\\ChiragDhussa\\Documents\\GitHub\\final_Project\\src\\app\\microservices\\Registration-Service\\src\\main\\java","outputFolder":"C:\\Users\\ChiragDhussa\\Documents\\GitHub\\final_Project\\src\\app\\microservices\\Registration-Service\\target\\classes","javadocContainerUrl":"file:/C:/Users/ChiragDhussa/Documents/GitHub/final_Project/src/app/microservices/Registration-Service/target/site/apidocs","isSystem":false,"isOwn":true,"isTest":false,"isJavaContent":true},{"kind":"source","path":"C:\\Users\\ChiragDhussa\\Documents\\GitHub\\final_Project\\src\\app\\microservices\\Registration-Service\\src\\test\\java","outputFolder":"C:\\Users\\ChiragDhussa\\Documents\\GitHub\\final_Project\\src\\app\\microservices\\Registration-Service\\target\\test-classes","javadocContainerUrl":"file:/C:/Users/ChiragDhussa/Documents/GitHub/final_Project/src/app/microservices/Registration-Service/target/site/apidocs","isSystem":false,"isOwn":true,"isTest":true,"isJavaContent":true},{"kind":"source","path":"C:\\Users\\ChiragDhussa\\Documents\\GitHub\\final_Project\\src\\app\\microservices\\Registration-Service\\src\\main\\resources","outputFolder":"C:\\Users\\ChiragDhussa\\Documents\\GitHub\\final_Project\\src\\app\\microservices\\Registration-Service\\target\\classes","isSystem":false,"isOwn":true,"isTest":false,"isJavaContent":false},{"kind":"source","path":"C:\\Users\\ChiragDhussa\\Documents\\GitHub\\final_Project\\src\\app\\microservices\\Registration-Service\\src\\test\\resources","outputFolder":"C:\\Users\\ChiragDhussa\\Documents\\GitHub\\final_Project\\src\\app\\microservices\\Registration-Service\\target\\test-classes","isSystem":false,"isOwn":true,"isTest":true,"isJavaContent":false},{"kind":"source","path":"C:\\Users\\ChiragDhussa\\Documents\\GitHub\\final_Project\\src\\app\\microservices\\Registration-Service\\src\\test\\java","outputFolder":"C:\\Users\\ChiragDhussa\\Documents\\GitHub\\final_Project\\src\\app\\microservices\\Registration-Service\\target\\test-classes","javadocContainerUrl":"file:/C:/Users/ChiragDhussa/Documents/GitHub/final_Project/src/app/microservices/Registration-Service/target/site/apidocs","isSystem":false,"isOwn":true,"isTest":false,"isJavaContent":false}]}